Date,Ticker,Open,High,Low,Close,Volume
2021-01-04,AAPL,129.62254430627095,129.70991364361626,123.05986719141745,125.63251495361328,143301900
2021-01-05,AAPL,125.12767890789046,127.89449286005866,124.68109986637585,127.185791015625,97664900
2021-01-06,AAPL,123.99185085104371,127.22464983650838,122.69096163664166,122.904541015625,155088000
2021-01-07,AAPL,124.61315591365346,127.78770834669253,124.1277509770645,127.09842681884766,109578200
2021-01-08,AAPL,128.56433221406948,128.75850602101508,126.42855365810287,128.1954345703125,105158200
2021-01-11,AAPL,125.41891104549275,126.37030043054156,124.74904996348562,125.21503448486328,100384500
2021-01-12,AAPL,124.7490677981864,125.90433390902683,123.15694021026238,125.04031372070312,91951100
2021-01-13,AAPL,125.00145310618869,127.61293359997765,124.73934514974653,127.06928253173828,88636800
2021-01-14,AAPL,126.98192465387714,127.17608365097323,125.00146436870398,125.1470947265625,90221800
2021-01-15,AAPL,125.02091509597555,126.41888391622368,123.29287441910928,123.42878723144531,111598500
2021-01-19,AAPL,124.05005884858895,124.95291954756551,123.23458227836366,124.09860229492188,90757300
2021-01-20,AAPL,124.90438601399495,128.6225891348087,124.79759634893936,128.17601013183594,104319500
2021-01-21,AAPL,129.89436203777117,135.59301116722563,129.69048544958548,132.87474060058594,120150900
2021-01-22,AAPL,132.3019459227709,135.76774369341513,131.07873102256855,135.01051330566406,114459400
2021-01-25,AAPL,138.89376878953092,140.8547939706266,132.55436700322258,138.74813842773438,157611700
2021-01-26,AAPL,139.40829883611298,140.08786276088446,137.2433822290361,138.98114013671875,98390600
2021-01-27,AAPL,139.24324321793168,140.0878578213645,136.3114082725256,137.91323852539062,140843800
2021-01-28,AAPL,135.4473779641581,137.84527918740616,132.7096874093382,133.0883026123047,142621100
2021-01-29,AAPL,131.86509178375854,132.7485322226158,126.40914566020653,128.10806274414062,177523800
2021-02-01,AAPL,129.84581103922318,131.42823575703017,127.1081202867018,130.22442626953125,106239800
2021-02-02,AAPL,131.7680420457218,132.3311136442388,130.68073954562587,131.04965209960938,83305400
2021-02-03,AAPL,131.79713965825755,131.80685723730443,129.70990440998943,130.0302734375,89880900
2021-02-04,AAPL,132.32139835278772,133.38928040334213,130.66130683037125,133.37957763671875,84183100
2021-02-05,AAPL,133.5399993993488,133.6080499269068,132.09132576396362,132.9663543701172,75693800
2021-02-08,AAPL,132.25657350766537,133.16078334273837,131.17736393158722,133.11216735839844,71297200
2021-02-09,AAPL,132.83021630146237,134.05527394815869,132.08158644572234,132.2371368408203,76774200
2021-02-10,AAPL,132.6941448267895,133.19000731082727,130.67184065877828,131.63438415527344,73046600
2021-02-11,AAPL,132.13017580944882,132.6065887223786,130.0592713492993,131.3815460205078,64280000
2021-02-12,AAPL,130.62320365664934,131.77046392162595,129.98150816834826,131.61489868164062,60145100
2021-02-16,AAPL,131.731578673249,132.23714344471992,129.10646349095452,129.49537658691406,80576300
2021-02-17,AAPL,127.60923995566041,128.55233419207937,125.87861678348459,127.21060943603516,97918500
2021-02-18,AAPL,125.61605324019762,126.39386460486962,123.8757134782661,126.1119155883789,96856700
2021-02-19,AAPL,126.62721014953155,127.08417376158879,125.22715268582576,126.26746368408203,87668800
2021-02-22,AAPL,124.4590755242555,126.12164769737448,122.1159313080217,122.50483703613281,103916400
2021-02-23,AAPL,120.32696020598745,123.1951256816812,115.10591870921408,122.36870574951172,158273000
2021-02-24,AAPL,121.47424078389619,122.07703760379697,118.83941546871539,121.87286376953125,111039900
2021-02-25,AAPL,121.22144033722896,122.9520628532438,117.19628243074794,117.63379669189453,148199500
2021-02-26,AAPL,119.18942513713463,121.38673620225251,117.83798347678476,117.89632415771484,164560400
2021-03-01,AAPL,120.31722249383586,124.38127119478241,119.3838534155298,124.24515533447266,116307900
2021-03-02,AAPL,124.84795308822625,125.14935141817737,121.54226646804837,121.64921569824219,102260900
2021-03-03,AAPL,121.34784230356715,122.22287832128721,118.46022715397075,118.67412567138672,112966300
2021-03-04,AAPL,118.37272563793533,120.17140622773192,115.32955269233915,116.79766082763672,178155000
2021-03-05,AAPL,117.62407506080334,118.55744422295456,114.30866329373481,118.05186462402344,153766600
2021-03-08,AAPL,117.57545493676041,117.64351287063639,112.98638448752729,113.1322250366211,154376600
2021-03-09,AAPL,115.72817884872909,118.67412730069942,115.49483838005335,117.73103332519531,129525800
2021-03-10,AAPL,118.31437413808155,118.78105499068555,116.13650543340157,116.65180969238281,111943300
2021-03-11,AAPL,119.14078657389355,119.79219924122525,117.89629448772017,118.57687377929688,103026500
2021-03-12,AAPL,117.06016228897577,117.80879958845243,115.85456138090896,117.67268371582031,88105100
2021-03-15,AAPL,118.04214884674406,120.56029993815383,117.07960562741921,120.55057525634766,92403800
2021-03-16,AAPL,122.21313740579694,123.69097746560344,121.26032630464678,122.08674621582031,115227900
2021-03-17,AAPL,120.60892077273179,122.36870994462072,118.94634875177347,121.29922485351562,111932600
2021-03-18,AAPL,119.47138014582727,119.76306129363483,116.98239537750578,117.18656921386719,121229700
2021-03-19,AAPL,116.57402203720062,118.0615792444134,116.36012356493978,116.6615219116211,185549500
2021-03-22,AAPL,116.99210932461362,120.4339124312078,116.92405138540522,119.96722412109375,111912300
2021-03-23,AAPL,119.90888714776963,120.79364033005854,118.75189479932533,119.14080047607422,95467100
2021-03-24,AAPL,119.41303294328375,119.49081556265351,116.73931659895885,116.75875854492188,88530500
2021-03-25,AAPL,116.22401924724316,118.28521414548541,115.6989976953015,117.24488830566406,98844700
2021-03-26,AAPL,117.01155734823239,118.11021653249013,115.62122444554402,117.84770202636719,94071200
2021-03-29,AAPL,118.27547960128655,119.17968207349621,117.38100181008681,118.02268981933594,80819200
2021-03-30,AAPL,116.77821710252674,117.06017355662125,115.56289139578807,116.57404327392578,85671900
2021-03-31,AAPL,118.27549692418452,120.0936193981419,117.78936665110342,118.76162719726562,118323800
2021-04-01,AAPL,120.22972337194014,120.73529551085936,119.0921730782952,119.58802795410156,75089100
2021-04-05,AAPL,120.43390523654203,122.66038256872103,119.65609390540438,122.4075927734375,88651200
2021-04-06,AAPL,122.99094842847227,123.6034698490668,122.16452851942161,122.70899200439453,80171300
2021-04-07,AAPL,122.33955551914583,124.37157665316347,121.66869331807787,124.35213470458984,83466700
2021-04-08,AAPL,125.3729752462817,126.77303259187028,124.95491039655207,126.74386596679688,88844600
2021-04-09,AAPL,126.199437772379,129.34955284443396,125.87858997142516,129.3106689453125,106686700
2021-04-12,AAPL,128.84396428623276,129.16481202818863,127.0063925535893,127.59947204589844,91420000
2021-04-13,AAPL,128.76615452071883,130.9245735402874,128.27029228063316,130.70094299316406,91266500
2021-04-14,AAPL,131.19681975522676,131.255153005102,128.00780685424039,128.36753845214844,87222800
2021-04-15,AAPL,130.10791292088626,131.2551732400093,129.93289830876327,130.76904296875,89347100
2021-04-16,AAPL,130.57459244358938,130.9343240931431,129.58288254678484,130.4384765625,84922400
2021-04-19,AAPL,129.80650105955348,131.71213827061115,129.6412185458448,131.099609375,94264200
2021-04-20,AAPL,131.27462375202614,131.7704712922572,128.15366085563892,129.4176025390625,94812300
2021-04-21,AAPL,128.68840701349623,130.03984858480732,127.65781320400242,129.79678344726562,68847100
2021-04-22,AAPL,129.34952213608938,130.42873181562496,127.7647477103965,128.28004455566406,84566500
2021-04-23,AAPL,128.49398366411955,131.37186716242175,128.49398366411955,130.5940704345703,78657500
2021-04-26,AAPL,131.08987465502372,131.31349039844014,129.85509976347652,130.98292541503906,66905100
2021-04-27,AAPL,131.26489090705445,131.65380402656527,130.38986235031265,130.66209411621094,66015800
2021-04-28,AAPL,130.58431883810096,131.2746303918658,129.38844245381026,129.87457275390625,107760100
2021-04-29,AAPL,132.6843927517533,133.26775499092827,128.77590135452442,129.77732849121094,151101000
2021-04-30,AAPL,128.1244547995172,129.85507686093618,127.4341583286047,127.81333923339844,109839500
2021-05-03,AAPL,128.3772578570978,130.35096013574108,128.17309147912826,128.86338806152344,75135100
2021-05-04,AAPL,127.55085108162373,127.84253218435018,123.18539631101322,124.30349731445312,137564700
2021-05-05,AAPL,125.61607819964402,126.8314040623254,124.42020170471136,124.54660034179688,84000900
2021-05-06,AAPL,124.34240242288911,126.15080765787947,123.60348232032891,126.1410903930664,78128300
2021-05-07,AAPL,127.43639821291805,127.83569086092047,126.1021285936208,126.81309509277344,78973300
2021-05-10,AAPL,126.03395306208488,126.16055151436144,123.50177596650869,123.54073333740234,88071200
2021-05-11,AAPL,120.27812799107281,122.97586087179818,119.5671689854115,122.62525939941406,126142800
2021-05-12,AAPL,120.18073081693389,121.38837950118456,119.06073063774643,119.5671615600586,112172300
2021-05-13,AAPL,121.32996797634482,122.85900963548862,121.01831640984287,121.70979309082031,105861300
2021-05-14,AAPL,122.95638491442686,124.55359993393608,122.56681864446786,124.12507629394531,81918000
2021-05-17,AAPL,123.51152281141687,123.61865372868071,121.90456648281831,122.97586822509766,74244600
2021-05-18,AAPL,123.2582993819835,123.67708183593513,121.52473722434705,121.59291076660156,63342900
2021-05-19,AAPL,119.94699632595916,121.66107596519278,119.65481977612977,121.43708038330078,92612000
2021-05-20,AAPL,121.96300011967811,124.38803886132331,121.83638680726905,123.98873138427734,76857100
2021-05-21,AAPL,124.48543261389995,124.66073707262268,121.94352167759979,122.15778350830078,79295400
2021-05-24,AAPL,122.72263459381065,124.60228476604034,122.65446106136119,123.78419494628906,63092900
2021-05-25,AAPL,124.4854213164092,124.97238470676444,123.02455343641832,123.58942413330078,72009500
2021-05-26,AAPL,123.64786424977021,124.06664669892854,123.12195088824402,123.54073333740234,56575900
2021-05-27,AAPL,123.1414527641177,124.3101443543249,121.8169316656909,122.01171112060547,94625600
2021-05-28,AAPL,122.29412358918856,122.51812660764142,121.30073666690714,121.35916900634766,71311100
2021-06-01,AAPL,121.81689796777825,122.07985090220888,120.70663903510166,121.03776550292969,67637100
2021-06-02,AAPL,121.03775144989098,121.97270584094204,120.81375590774547,121.79740142822266,59278900
2021-06-03,AAPL,121.42734431379967,121.59290756486408,119.91777779316642,120.31708526611328,76229200
2021-06-04,AAPL,120.83326200560104,122.86874195718396,120.61900017592295,122.60578155517578,75169300
2021-06-07,AAPL,122.87846962118002,123.0245579005518,121.57343116760482,122.61551666259766,71057600
2021-06-08,AAPL,123.29725429760116,125.10873859219605,122.91742922255409,123.43360137939453,74403800
2021-06-09,AAPL,123.89133789579034,124.41725123885395,123.21933627459374,123.81342315673828,56877900
2021-06-10,AAPL,123.70630923030153,124.84579201187799,122.65448983014099,122.82005310058594,71186400
2021-06-11,AAPL,123.22907955985254,124.1153430132604,122.81029711830921,124.0276870727539,53522400
2021-06-14,AAPL,124.48542499652146,127.13445925571631,123.75499103493249,127.0760269165039,96906500
2021-06-15,AAPL,126.5501187512876,127.19290419262148,126.01446421684268,126.25794219970703,62746300
2021-06-16,AAPL,126.9688622855859,127.47530052544823,125.10870225159759,126.75460052490234,91815000
2021-06-17,AAPL,126.41376207268152,129.09201968074376,126.26766637763058,128.35183715820312,96721700
2021-06-18,AAPL,127.3000499717587,128.07916771937423,126.84231012163941,127.05657196044922,108953300
2021-06-21,AAPL,126.90076263607253,128.95571797256497,125.83920190461266,128.8485870361328,79663300
2021-06-22,AAPL,128.68302775989537,130.58215363705636,128.18632301152311,130.48475646972656,74783600
2021-06-23,AAPL,130.2802476419782,130.81590235901706,129.75432669771394,130.21206665039062,60214200
2021-06-24,AAPL,130.9424885852543,131.12753427569476,129.4621379224508,129.92962646484375,68711000
2021-06-25,AAPL,129.97831108103458,130.3970861369589,129.34525932066123,129.63743591308594,70783700
2021-06-28,AAPL,129.9296003283306,131.72159479819973,129.87116798746578,131.26385498046875,62111300
2021-06-29,AAPL,131.2832928355185,132.92920589475403,130.84503556701915,132.77337646484375,64556100
2021-06-30,AAPL,132.61757943917965,133.82523552499876,132.32540290188453,133.38697814941406,63261400
2021-07-01,AAPL,133.0364149233969,133.74736668153665,132.21831736612697,133.68893432617188,52485800
2021-07-02,AAPL,134.30245986108,136.34768102067733,134.1563790042736,136.30873107910156,78852600
2021-07-06,AAPL,136.4158617440288,139.41549764354806,136.4158617440288,138.3149871826172,108181800
2021-07-07,AAPL,139.7953189039971,141.11010601971827,138.93828646790567,140.7984619140625,104911600
2021-07-08,AAPL,137.88643093809648,140.30172797997776,137.00016765595169,139.5031280517578,105575500
2021-07-09,AAPL,139.02595342720224,141.85029259632174,138.92855627210733,141.3243865966797,99890800
2021-07-12,AAPL,142.39568172270836,142.50281263838897,140.24332963884083,140.73028564453125,76299700
2021-07-13,AAPL,140.27253162136344,143.61305721006948,139.88297280050324,141.8405303955078,100827100
2021-07-14,AAPL,144.23634613048517,145.6679976912108,143.827290089665,145.25894165039062,127050800
2021-07-15,AAPL,145.3466432583112,146.08681108461445,143.2527233830004,144.60646057128906,106820300
2021-07-16,AAPL,144.5869580069263,145.85303150774294,142.07426368162248,142.57095336914062,93251400
2021-07-19,AAPL,139.99985324997218,140.31151223035158,137.9741144596603,138.7337646484375,121434600
2021-07-20,AAPL,139.71739371398104,143.26243208036362,139.2304378127707,142.3372039794922,96350000
2021-07-21,AAPL,141.73337903289692,142.31773204055827,140.85686438211923,141.6067657470703,74993500
2021-07-22,AAPL,142.13271101540525,144.33374665171397,142.00609770767423,142.97027587890625,77338200
2021-07-23,AAPL,143.70069581628857,144.84017089255983,143.0871265980212,144.68434143066406,71447400
2021-07-26,AAPL,144.40196197857813,145.9212625899734,143.8468249071035,145.10317993164062,72434100
2021-07-27,AAPL,145.22973937162135,145.3174027377309,141.7528815779119,142.94105529785156,104818600
2021-07-28,AAPL,141.0321906538661,143.13584408542147,138.82140631068384,141.19775390625,118931200
2021-07-29,AAPL,140.91531705042755,142.72679380278865,140.80818614558353,141.8405303955078,56699500
2021-07-30,AAPL,140.61342392407167,142.51254941417247,140.35046351445212,142.0548095703125,70440600
2021-08-02,AAPL,142.5417764502479,143.11638102630255,141.46073341799487,141.72369384765625,62880000
2021-08-03,AAPL,142.00608912842299,144.17790846415585,141.39251988736964,143.51565551757812,64786600
2021-08-04,AAPL,143.42808366246237,143.93450741198922,142.4639050342257,143.11642456054688,56368300
2021-08-05,AAPL,143.14559599106772,143.98316098970645,142.35672956946877,143.2235107421875,46397700
2021-08-06,AAPL,142.7456060206864,143.48688290436453,142.04333744331302,142.540771484375,54126800
2021-08-09,AAPL,142.5992194925645,143.08690493192552,141.9359744388632,142.49192810058594,48908700
2021-08-10,AAPL,142.83333089104445,144.072056221946,141.72140855204836,142.01402282714844,69023100
2021-08-11,AAPL,142.4529773420197,143.1064743087136,141.9457801130242,142.2676544189453,48493500
2021-08-12,AAPL,142.58952310526286,145.37908543032157,142.24813722010816,145.2230224609375,72282600
2021-08-13,AAPL,145.30105342277125,145.75947909182239,144.61829653790267,145.4278564453125,59375000
2021-08-16,AAPL,144.88164213986906,147.4663849394875,142.86263134674047,147.39810180664062,103296000
2021-08-17,AAPL,146.52999034959836,147.9442754116722,145.41806793520456,146.49098205566406,92229700
2021-08-18,AAPL,146.11055767777995,147.00789708224372,142.550445112083,142.75527954101562,86326000
2021-08-19,AAPL,141.45803129196472,144.35488386833921,140.94108593902038,143.08689880371094,86960300
2021-08-20,AAPL,143.8087395067066,144.84263065061194,143.16499090967656,144.54026794433594,60549600
2021-08-23,AAPL,144.65726832283815,146.49097053616202,144.2476142953258,146.02279663085938,60131800
2021-08-24,AAPL,145.76920152361467,147.1444782861979,145.47658722985506,145.9350128173828,48606400
2021-08-25,AAPL,146.12035519130814,146.61780402195117,144.15986446266652,144.70606994628906,58991300
2021-08-26,AAPL,144.6962977745989,145.44732274946605,143.8769748010463,143.90623474121094,48597200
2021-08-27,AAPL,143.84772924961433,145.08645474475415,143.21374397198983,144.94015502929688,55802400
2021-08-30,AAPL,145.33030665463397,149.70972863585897,144.94991248756867,149.3488311767578,90956700
2021-08-31,AAPL,148.90016654739884,149.03671791602926,147.5638979226051,148.09060668945312,86453100
2021-09-01,AAPL,149.0659558284964,151.16299758315895,148.5880186674378,148.7538299560547,80313700
2021-09-02,AAPL,150.08035127222993,150.90942268736845,148.64655451799135,149.8657684326172,71115500
2021-09-03,AAPL,149.97303195298093,150.82161480012687,149.31953520226918,150.49974060058594,57808700
2021-09-07,AAPL,151.1532324117816,153.38682526635796,150.5875154931645,152.83087158203125,82278300
2021-09-08,AAPL,153.11376479693286,153.1722846868866,150.1876512353804,151.28982543945312,74420200
2021-09-09,AAPL,151.66049241202037,152.2652178698881,150.1584122397238,150.2754669189453,57305700
2021-09-10,AAPL,151.18249570977798,151.650669593774,145.03765581078468,145.30101013183594,140893200
2021-09-13,AAPL,146.92019363279192,147.69073046346875,145.0864907020359,145.86679077148438,102404300
2021-09-14,AAPL,146.64705797915482,147.34932639599026,143.2917788504928,144.4719696044922,109296300
2021-09-15,AAPL,144.9011172737186,145.7594485393446,142.76505234502355,145.3595428466797,83281300
2021-09-16,AAPL,144.78410203525485,145.30104757606733,143.59414799108714,145.12547302246094,68034100
2021-09-17,AAPL,145.15474141357228,145.15474141357228,142.17009319848557,142.46270751953125,129868800
2021-09-20,AAPL,140.2583754550107,141.27275491051466,137.79068761664803,139.4195556640625,123478900
2021-09-21,AAPL,140.38514645685206,141.03865814980705,139.2634757155347,139.8974609375,75834000
2021-09-22,AAPL,140.89234513594866,142.82357564689215,140.16081684875996,142.25787353515625,76404300
2021-09-23,AAPL,143.03818581433492,143.45760318499043,142.05306622379317,143.21376037597656,64838200
2021-09-24,AAPL,142.07256662788618,143.83798604484667,141.97502355876833,143.30152893066406,53477900
2021-09-27,AAPL,141.88726170941032,142.36519899589,140.27790504587242,141.7897186279297,74150700
2021-09-28,AAPL,139.7219107001194,141.18496735666514,138.2003341585889,138.4149169921875,108972300
2021-09-29,AAPL,138.96112166840754,140.89235227723765,138.53195600356045,139.312255859375,74602000
2021-09-30,AAPL,140.12185084081975,140.8241193990878,137.8004622797123,138.01504516601562,89056700
2021-10-01,AAPL,138.40512951469634,139.40001203413104,135.68385115865894,139.13665771484375,94639600
2021-10-04,AAPL,138.26863338683822,138.70756238856447,134.86459699477155,135.71316528320312,98322000
2021-10-05,AAPL,136.0545166576062,138.73678711480215,135.9277136552574,137.63461303710938,80861100
2021-10-06,AAPL,136.03499804431914,138.6489852474294,134.96208396365105,138.502685546875,83221100
2021-10-07,AAPL,139.53660933038944,140.66804355787346,139.2049866756737,139.7609405517578,61732700
2021-10-08,AAPL,140.48269778280476,140.62899749402928,139.04890108087716,139.38052368164062,58773200
2021-10-11,AAPL,138.7660308387561,141.24346653207863,138.3173536480232,139.292724609375,64452200
2021-10-12,AAPL,139.70242001460875,139.72193160685052,137.56635459515326,138.0247802734375,73035900
2021-10-13,AAPL,137.76141892529833,137.91746698955632,135.77165355544514,137.43954467773438,78762700
2021-10-14,AAPL,138.6100339691455,140.33644556071278,138.02480516024534,140.21939086914062,69907100
2021-10-15,AAPL,140.22908119272677,141.33124021077776,139.9754752286786,141.27272033691406,67940300
2021-10-18,AAPL,139.9170017643,143.2235096811566,139.63415065247935,142.94065856933594,85589200
2021-10-19,AAPL,143.38929207620686,145.4960971069184,142.94062972963636,145.09619140625,76378900
2021-10-20,AAPL,145.03767215675973,146.06181473584434,144.4719551618084,145.58387756347656,58418800
2021-10-21,AAPL,145.14494989927837,145.95450958049068,144.22809881735165,145.79844665527344,61421000
2021-10-22,AAPL,146.00332535531382,146.48124774454206,144.97918256227808,145.0279541015625,58883400
2021-10-25,AAPL,145.0181800516583,145.69118854784608,143.98428898104416,144.9791717529297,50720600
2021-10-26,AAPL,145.6521738906202,147.12497895180522,145.34004798248478,145.64242553710938,60893400
2021-10-27,AAPL,145.68145499107032,146.0423376021523,144.83288673993832,145.18402099609375,56094900
2021-10-28,AAPL,146.13013733509126,149.39762230558532,146.03259425054543,148.81240844726562,100077900
2021-10-29,AAPL,143.59413644564216,146.2471470636249,142.804088225394,146.110595703125,124953200
2021-11-01,AAPL,145.3205654883688,146.01307072992742,144.1598713388164,145.2913055419922,74588300
2021-11-02,AAPL,144.9986596105235,147.83699285465968,144.98889637520205,146.32516479492188,69122000
2021-11-03,AAPL,146.6860731609645,148.2271614322934,146.13011931995035,147.7589874267578,54511500
2021-11-04,AAPL,147.84674493928904,148.67580139860405,146.92989377476803,147.2420196533203,60394600
2021-11-05,AAPL,148.36534609443586,148.66815006608644,146.57781000839395,147.76950073242188,65463900
2021-11-08,AAPL,147.8964665160418,148.0527572213007,146.67547332752292,146.948974609375,55020900
2021-11-09,AAPL,146.71456416967115,147.9160175036458,146.57781350486675,147.31040954589844,56787900
2021-11-10,AAPL,146.53874739869644,146.64619541359409,144.41910465453822,144.4874725341797,65187100
2021-11-11,AAPL,145.50336208425588,145.96244193460964,144.25305100972494,144.4386444091797,41000000
2021-11-12,AAPL,144.9856178095641,146.90990439693277,144.05766590459464,146.50942993164062,63804000
2021-11-15,AAPL,146.8805742099881,148.35554334372281,145.96238505765794,146.5191650390625,59222800
2021-11-16,AAPL,146.46058703081326,147.97462166575806,145.87450429964008,147.49598693847656,59256200
2021-11-17,AAPL,147.4960135184774,151.40319268452978,147.48625093625634,149.92823791503906,88807000
2021-11-18,AAPL,150.14311888912806,154.98801222203343,149.49843081431837,154.20657348632812,137827700
2021-11-19,AAPL,153.99168810581827,157.2834965855034,152.897682743032,156.82440185546875,117305600
2021-11-22,AAPL,157.9281509208038,161.8548695638248,157.26393771700205,157.28347778320312,117467900
2021-11-23,AAPL,157.3811499145866,158.04537802988585,155.36895531169498,157.6644287109375,96041900
2021-11-24,AAPL,157.01975602804134,158.37750013405517,155.9355132595911,158.18214416503906,69463600
2021-11-26,AAPL,155.8671359816053,156.72670517440085,152.7316184657377,153.17117309570312,76959800
2021-11-29,AAPL,155.67178482147494,157.44955853817083,155.10524204048522,156.5216064453125,88748200
2021-11-30,AAPL,156.2774094838687,161.67908367603815,156.20902669183067,161.4641876220703,174048100
2021-12-01,AAPL,163.59354652559932,166.3481143018466,160.7120055934647,160.94644165039062,152052500
2021-12-02,AAPL,155.0563862894109,160.38967666927002,154.13819694441963,159.9598846435547,136739200
2021-12-03,AAPL,160.2138776845153,161.13206712633752,156.0136573148525,158.08445739746094,118023100
2021-12-06,AAPL,160.47762170823455,163.98432659887726,160.46785912528537,161.48373413085938,107497000
2021-12-07,AAPL,165.15644279486372,167.598429443289,164.4336093812365,167.20770263671875,120405400
2021-12-08,AAPL,168.13570063364043,171.87682666062753,166.73887626153672,171.01724243164062,116998900
2021-12-09,AAPL,170.85113086564078,172.64842918211983,169.88409893762693,170.50924682617188,108923700
2021-12-10,AAPL,171.14418244016858,175.46161263264923,170.63624509261138,175.28578186035156,115402700
2021-12-13,AAPL,176.91707224257422,177.90364454540125,171.45679280017228,171.66192626953125,153237000
2021-12-14,AAPL,171.18327152968024,173.6154957034132,168.21382219359762,170.2846221923828,139380400
2021-12-15,AAPL,171.04652519555987,175.33465344975855,168.31149697974806,175.13929748535156,131063300
2021-12-16,AAPL,175.1196889760687,176.9365270539239,166.78763440574474,168.26258850097656,150185800
2021-12-17,AAPL,165.98671202152144,169.44457351876034,165.75229083845704,167.16864013671875,195432700
2021-12-20,AAPL,164.37502357405398,166.6216545378973,163.5740596088574,165.8109130859375,107499100
2021-12-21,AAPL,167.57889907243998,169.18084181030284,165.1955175809284,168.97572326660156,91185900
2021-12-22,AAPL,169.02453697313442,171.77910499631244,168.15519034473417,171.564208984375,92135300
2021-12-23,AAPL,171.76933180091095,172.74612637491737,171.20278915942293,172.18934631347656,68356600
2021-12-27,AAPL,172.9805656257053,176.2332936859138,172.96104046356876,176.1453857421875,74919600
2021-12-28,AAPL,175.9793227997058,177.12217071968058,174.38714279522745,175.12950134277344,79144300
2021-12-29,AAPL,175.16857977375096,176.43841575185178,174.0061917992903,175.21742248535156,62348900
2021-12-30,AAPL,175.30530672394408,176.37978661508689,173.95732557045602,174.0647735595703,59773000
2021-12-31,AAPL,173.9573089469543,175.07085395286333,173.14656781651271,173.4493865966797,64062300
2022-01-03,AAPL,173.70341256103026,178.6362290402615,173.58620196027948,177.78640747070312,104487900
2022-01-04,AAPL,178.39199939810527,178.69480333397306,174.96344087400894,175.5299835205078,99310400
2022-01-05,AAPL,175.44210103848545,175.9891036993743,170.58743006603996,170.86093139648438,94537600
2022-01-06,AAPL,168.69238957234518,171.23206096930636,167.65698989510244,168.00863647460938,96904000
2022-01-07,AAPL,168.8780217142409,170.09901499255682,167.06118311991872,168.1747283935547,86709100
2022-01-10,AAPL,165.15642793014217,168.4970635759533,164.26754129298973,168.1942596435547,106765600
2022-01-11,AAPL,168.32129403805408,171.11491297284869,166.85610177757536,171.01724243164062,76138300
2022-01-12,AAPL,172.03310776443337,173.06850794205806,170.76328635698084,171.45680236816406,74805200
2022-01-13,AAPL,171.70094857794888,172.52145244084235,167.80353287215138,168.1942596435547,84505800
2022-01-14,AAPL,167.36396777404897,169.74734876331195,167.11976914653764,169.0538330078125,80440800
2022-01-18,AAPL,167.53006719532837,168.5361646254104,165.4788071020713,165.85975646972656,90956700
2022-01-19,AAPL,166.05509393247632,167.1100339648471,162.08930995625335,162.37257385253906,94815000
2022-01-20,AAPL,163.10514273299674,165.74248492301732,160.37011513031928,160.6924591064453,91420500
2022-01-21,AAPL,160.60458738914824,162.4702688967568,158.53378733529433,158.6412353515625,122848900
2022-01-24,AAPL,156.30664473205084,158.53373478123166,151.11009134749582,157.8695068359375,162294600
2022-01-25,AAPL,155.2907812885663,158.98306320756222,153.37627246633923,156.0722198486328,115798400
2022-01-26,AAPL,159.70592982008216,160.57527648713483,154.15774320444362,155.98434448242188,108275300
2022-01-27,AAPL,158.68028043462846,160.03802433796415,154.60704872462142,155.52523803710938,121954600
2022-01-28,AAPL,161.8646250162313,166.39695095221313,159.02214941138433,166.37741088867188,179935700
2022-01-31,AAPL,166.2113655240236,170.9390476064095,165.57644011866424,170.72415161132812,115541600
2022-02-01,AAPL,169.97200754131524,170.78274877423786,168.31145985308757,170.55809020996094,86213900
2022-02-02,AAPL,170.69486467196293,171.79864739328102,169.30781806090394,171.7595672607422,84914300
2022-02-03,AAPL,170.43110878285196,172.15027672857178,168.12587305039293,168.8877716064453,89418100
2022-02-04,AAPL,167.90974218054592,170.27660988825676,166.93170310002452,168.60415649414062,82465400
2022-02-07,AAPL,169.0638417050099,170.12990075671365,167.19578341710826,167.89019775390625,77251200
2022-02-08,AAPL,167.95862803498034,171.49913925228722,167.6652133594248,170.9905548095703,74829200
2022-02-09,AAPL,172.18377712176584,172.77059159545334,171.05902326407136,172.40872192382812,71285000
2022-02-10,AAPL,170.31573108381698,171.62629991772872,167.78261335475796,168.340087890625,90865900
2022-02-11,AAPL,168.54547473503922,169.27900403758753,164.34967876719554,164.93650817871094,98670700
2022-02-14,AAPL,163.69440078491326,165.85587378073802,162.90219149496014,165.17124938964844,86185500
2022-02-15,AAPL,167.2153531108256,169.1518664311418,166.5111637354937,168.99537658691406,62527400
2022-02-16,AAPL,168.07604144255788,169.5333102903167,166.31556790878483,168.7606658935547,61177400
2022-02-17,AAPL,167.274027503072,168.13470669398032,164.77024977354867,165.17124938964844,69589300
2022-02-18,AAPL,166.09060878011084,166.7947832093295,162.54032203615824,163.62594604492188,82772700
2022-02-22,AAPL,161.35690506054718,163.02935867994262,158.58905229899906,160.71141052246094,91162800
2022-02-23,AAPL,161.90460945584556,162.50121399005073,156.24176881453315,156.55474853515625,90009200
2022-02-24,AAPL,149.22921086821898,159.27367681919955,148.66194638721413,159.1660919189453,141147500
2022-02-25,AAPL,160.24192254485857,161.4938113988268,157.3371452242796,161.22975158691406,91974200
2022-02-28,AAPL,159.47904685433394,161.78721963459702,158.86287747049465,161.49380493164062,95056600
2022-03-01,AAPL,161.08307153976776,162.94135518491746,158.41302839932598,159.6160125732422,83474400
2022-03-02,AAPL,160.7798480922219,163.6846254319098,159.37146939131958,162.90219116210938,79724800
2022-03-03,AAPL,164.77025023720336,165.20058983386846,161.91437782369874,162.57943725585938,76678400
2022-03-04,AAPL,160.87767357199544,161.91439273743828,158.54016047816125,159.58665466308594,83737200
2022-03-07,AAPL,159.7724878532729,161.39603654297554,155.5473512521712,155.80165100097656,96418800
2022-03-08,AAPL,155.33219707675556,159.30303394754864,152.3785144348394,153.9824981689453,131148300
2022-03-09,AAPL,157.93374136581392,159.82136448965088,155.9092082958325,159.3714599609375,91454900
2022-03-10,AAPL,156.68187121650197,156.86770104560523,152.55454474714313,155.0387725830078,105342000
2022-03-11,AAPL,155.4397623739769,155.78208206231224,151.10705589580672,151.33200073242188,96970100
2022-03-14,AAPL,148.1240148231261,150.73537736075448,146.80367102699051,147.31224060058594,108732100
2022-03-15,AAPL,147.58608092484786,152.15353624322603,147.07751138372214,151.68406677246094,92964300
2022-03-16,AAPL,153.60105321090987,156.48626575095446,151.06793536575267,156.08526611328125,102300200
2022-03-17,AAPL,155.12682808541686,157.4643416281666,154.168353662837,157.09268188476562,75615400
2022-03-18,AAPL,156.98506332691767,160.86788006337628,156.25153394230247,160.3788604736328,123511700
2022-03-21,AAPL,159.9191797677464,162.69682236043158,159.4301601813594,161.7481231689453,95811400
2022-03-22,AAPL,161.8752422072329,165.69937857870127,161.2884277154457,165.11256408691406,81532000
2022-03-23,AAPL,164.3008129085659,168.8486892835288,163.9682682338466,166.47206115722656,98062700
2022-03-24,AAPL,167.30337650948087,170.31573891650316,166.4720521767643,170.24728393554688,90131400
2022-03-25,AAPL,170.06143114397722,171.430679815148,168.95624226558783,170.8829803466797,80546200
2022-03-28,AAPL,168.38901573521346,171.87083307439428,168.22275085370143,171.7436981201172,90371900
2022-03-29,AAPL,172.80976906031557,175.07881251217484,172.467449330379,175.02992248535156,100589400
2022-03-30,AAPL,174.62891251824163,175.66563174403498,172.81953392128133,173.8660430908203,92633200
2022-03-31,AAPL,173.93445242077016,174.1202822188197,170.56999586828974,170.775390625,103049300
2022-04-01,AAPL,170.20816010667752,171.0394993928561,168.1640617684755,170.4820098876953,78751300
2022-04-04,AAPL,170.7362946873885,174.5702062097959,170.60914482743888,174.52130126953125,76468400
2022-04-05,AAPL,173.60194829792937,174.38438259894033,170.58958593943765,171.2155303955078,73401800
2022-04-06,AAPL,168.57484765163213,169.8169616919483,166.393824277865,168.05648803710938,89058800
2022-04-07,AAPL,167.40116034930097,169.55284318419794,166.11993163539967,168.35963439941406,77594700
2022-04-08,AAPL,168.0075484323814,168.0075484323814,165.48420586824818,166.3546600341797,76575500
2022-04-11,AAPL,165.00498773482366,165.31795249524248,161.8654755697351,162.1099853515625,72246700
2022-04-12,AAPL,164.3301525745867,166.13951616252308,162.98045368647982,163.97805786132812,79265200
2022-04-13,AAPL,163.71395993382896,167.28379658301122,163.10758048377514,166.65785217285156,70618900
2022-04-14,AAPL,166.87304601950618,167.50878046321276,161.4155854111937,161.66009521484375,75329400
2022-04-18,AAPL,160.3201467390001,162.94129894819648,159.97784205250275,161.4449005126953,69023900
2022-04-19,AAPL,161.39600166868107,164.13451388243473,160.31037777023087,163.72372436523438,67723800
2022-04-20,AAPL,165.05390933318154,165.1712841990279,162.4523360987669,163.55751037597656,67929800
2022-04-21,AAPL,165.20059691129774,167.7630547165198,162.266479452362,162.76527404785156,87227800
2022-04-22,AAPL,162.80437847987656,164.18340212764667,157.95329847424364,158.23692321777344,84882400
2022-04-25,AAPL,157.58163561913904,159.58661851207708,154.9800632753819,159.30299377441406,96046400
2022-04-26,AAPL,158.68687865808295,158.77489861463468,153.27832244686797,153.3565673828125,95623200
2022-04-27,AAPL,152.48608239761126,156.28086402556207,151.96772285920957,153.131591796875,88063200
2022-04-28,AAPL,155.7527344180899,160.9070049099631,155.43975472715812,160.04632568359375,130216800
2022-04-29,AAPL,158.28585264208988,162.55010393809633,153.79665651995063,154.1878662109375,131747600
2022-05-02,AAPL,153.26853978592672,154.75514872367953,149.9040823265059,154.4910888671875,123055300
2022-05-03,AAPL,154.67688255687574,157.18067526746918,152.88708408047324,155.97767639160156,88966500
2022-05-04,AAPL,156.16352911233957,162.82397418149506,155.76252942825218,162.37408447265625,108256500
2022-05-05,AAPL,160.25174474333807,160.47668960295778,151.5471860479713,153.3272247314453,130525300
2022-05-06,AAPL,152.80807823964273,156.16768941381943,151.01563498071906,154.05201721191406,116124600
2022-05-09,AAPL,151.75022430191655,152.63176175523802,148.38083908771665,148.9391326904297,131577900
2022-05-10,AAPL,152.32814774676658,153.5231099451531,149.7912929478581,151.3388671875,115366700
2022-05-11,AAPL,150.34957266016625,152.25954795565056,142.81739949520818,143.4932403564453,142689800
2022-05-12,AAPL,139.8398213340432,143.19941752795359,135.95129962230052,139.63412475585938,182602000
2022-05-13,AAPL,141.62242982115953,145.0604001115948,140.17280954058904,144.09071350097656,113990900
2022-05-16,AAPL,142.56276758428663,144.4923369438145,141.22087499257742,142.55296325683594,86643800
2022-05-17,AAPL,145.80481151470883,146.69613834453236,143.66954586445135,146.17701721191406,78336300
2022-05-18,AAPL,143.83609605190958,144.33562356857507,137.02872402723415,137.9298553466797,109742900
2022-05-19,AAPL,137.00914057415054,138.75260707730666,133.7964597180681,134.53106689453125,136095600
2022-05-20,AAPL,136.2353274341848,137.81228455615957,129.88832647827988,134.76611328125,137426100
2022-05-23,AAPL,134.96201586760006,140.31975175202894,134.82488980062982,140.17283630371094,117726300
2022-05-24,AAPL,137.92003986063096,139.05623582746938,134.51146690573626,137.47927856445312,104132700
2022-05-25,AAPL,135.58886991195646,138.87991021944293,135.50072064953915,137.635986328125,92482700
2022-05-26,AAPL,134.57021942674126,141.37757526410218,134.32535040420584,140.82907104492188,90601500
2022-05-27,AAPL,142.4060581377044,146.6080048732437,142.27872143657157,146.56883239746094,90978500
2022-05-31,AAPL,146.01052282850958,147.56788638378129,143.82628016379354,145.7852325439453,103718400
2022-06-01,AAPL,146.82346195823692,148.62570934761555,144.649023812494,145.65789794921875,74286600
2022-06-02,AAPL,144.79597858853165,148.16537934399943,143.84588541228797,148.1066131591797,72348100
2022-06-03,AAPL,143.88503314588232,144.93307974702813,141.49512401563555,142.396240234375,88570300
2022-06-06,AAPL,144.01237341190438,145.52077501341512,141.92608448379778,143.14064025878906,71598400
2022-06-07,AAPL,141.3873815394989,145.94193944320352,141.1425125135875,145.65789794921875,67808200
2022-06-08,AAPL,145.5305644824367,146.79408210793065,144.4335560047601,144.9232940673828,53950200
2022-06-09,AAPL,144.06133943857793,144.91347882072873,139.60472041542363,139.71246337890625,69473000
2022-06-10,AAPL,137.40091085996173,137.87105521943323,134.24699651333503,134.31556701660156,91437900
2022-06-13,AAPL,130.1429810735186,132.4251621177248,128.74233746263164,129.17330932617188,122207100
2022-06-14,AAPL,130.39764883857168,131.14204524198857,128.7815044194442,130.0352325439453,84784300
2022-06-15,AAPL,131.5338494146611,134.52125474775525,129.4475753177957,132.65045166015625,91533000
2022-06-16,AAPL,129.36920911544067,129.6728443246095,126.39159330904647,127.39066314697266,108123900
2022-06-17,AAPL,127.40046865716874,130.34868645706888,127.14579529566508,128.85987854003906,134520300
2022-06-21,AAPL,130.68169231513036,134.2469845261448,130.58375367786297,133.08140563964844,81000500
2022-06-22,AAPL,132.0235937967665,134.93263938077834,131.16166488175563,132.57211303710938,73409200
2022-06-23,AAPL,134.0119221215175,135.74558399228505,132.84634321517927,135.43215942382812,72433800
2022-06-24,AAPL,137.02869134817942,138.99744774415504,136.901369626622,138.75257873535156,89116800
2022-06-27,AAPL,139.77122723590202,140.5450216732672,138.07673787975503,138.75257873535156,70207900
2022-06-28,AAPL,139.21296287932694,140.47648065381134,134.50168455265504,134.6192169189453,67083400
2022-06-29,AAPL,134.63880492913648,137.7829151592785,133.8650103621575,136.37246704101562,66242400
2022-06-30,AAPL,134.4330767564404,135.53008505921423,131.02450456880948,133.91395568847656,98964500
2022-07-01,AAPL,133.2479278277153,136.1863562547321,132.87573705664798,136.07861328125,71051600
2022-07-05,AAPL,134.94242477245444,138.70360936186282,134.1196535002059,138.65463256835938,73353800
2022-07-06,AAPL,138.44895512148898,141.16209320483665,138.18449238511542,139.98672485351562,74064300
2022-07-07,AAPL,140.34913434840425,143.5422362397496,140.3393449670909,143.34634399414062,66253700
2022-07-08,AAPL,142.27870461467543,144.5217134378149,142.02404618814074,144.0221710205078,64547800
2022-07-11,AAPL,142.68026652507825,143.6303594367227,140.82905749070648,141.8966827392578,63141600
2022-07-12,AAPL,142.76844044820817,145.40323372369386,142.07302074051665,142.86639404296875,77588800
2022-07-13,AAPL,140.05530730128564,143.44428658574307,139.20315284375937,142.50399780273438,71185600
2022-07-14,AAPL,141.12292146669557,145.8929653987599,140.30995449187216,145.42282104492188,78140700
2022-07-15,AAPL,146.7059565075189,147.763792686889,145.15838218653053,147.08795166015625,76259900
2022-07-18,AAPL,147.64625063740658,148.4592176926782,143.68915834296686,144.05157470703125,81420900
2022-07-19,AAPL,144.88409097349603,148.1261542059037,143.89482557447934,147.90087890625,82982400
2022-07-20,AAPL,148.01844006316782,150.56508418725386,147.28383290571463,149.89903259277344,64823400
2022-07-21,AAPL,151.32909076479385,152.37713759641647,148.82163378808133,152.16165161132812,65086600
2022-07-22,AAPL,152.20081233549695,153.0725455912705,150.26145356507448,150.927490234375,66675400
2022-07-25,AAPL,150.849124954379,151.85798424989775,149.1546353044719,149.81088256835938,53623900
2022-07-26,AAPL,149.1350139839463,149.9479808770686,147.70498735893062,148.4885711669922,55138700
2022-07-27,AAPL,149.44845111836102,154.10096215711584,149.0370729884084,153.57203674316406,78620700
2022-07-28,AAPL,153.7581586202447,154.40461645264705,151.24091273921562,154.12057495117188,81378700
2022-07-29,AAPL,157.93074338059327,160.27169083424704,156.22644946059978,159.17466735839844,101786900
2022-08-01,AAPL,157.70543713439505,160.23248719622674,157.58790478823227,158.19517517089844,67829400
2022-08-02,AAPL,156.81413161603723,159.07671904499605,156.35377664743476,156.72596740722656,59907000
2022-08-03,AAPL,157.53896009762985,163.17094866506537,157.45081082004532,162.72039794921875,82507500
2022-08-04,AAPL,162.60285943908943,163.7586492750685,161.05528505110334,162.40696716308594,55474100
2022-08-05,AAPL,160.0823306929475,162.67173843719075,159.8763484441019,162.1813201904297,56697000
2022-08-08,AAPL,163.18179581085533,164.59420304327227,161.05338198319762,161.71054077148438,60276900
2022-08-09,AAPL,160.87682032374863,162.64232916411427,160.12157196524083,161.7595672607422,63135500
2022-08-10,AAPL,164.46667794890814,166.0948703368816,163.70162657940335,165.99679565429688,70170500
2022-08-11,AAPL,166.8010905635419,167.71327649760102,164.9669306824805,165.2611846923828,57149200
2022-08-12,AAPL,166.56569547580565,168.87065273956517,166.1537308916434,168.802001953125,68039400
2022-08-15,AAPL,168.23308330651162,170.06724280100903,168.06634289486433,169.87107849121094,54091700
2022-08-16,AAPL,169.46896318920653,170.38114909928223,168.3704308785935,169.71417236328125,56377100
2022-08-17,AAPL,169.45914438952641,172.77436193637106,169.2629800618565,171.2050323486328,79542000
2022-08-18,AAPL,170.4203849105247,171.54834118381174,169.8024529702403,170.81271362304688,62290100
2022-08-19,AAPL,169.71416649279175,170.41056710828244,168.02712623620275,168.2331085205078,70346300
2022-08-22,AAPL,166.43817940694694,166.6049198473659,163.9370428679026,164.3588104248047,69026800
2022-08-23,AAPL,163.87821006023856,165.47697879172844,163.45644246473458,164.02532958984375,54147100
2022-08-24,AAPL,164.1135822617859,164.88843656775538,163.0640799468379,164.31954956054688,53841500
2022-08-25,AAPL,165.5456215718219,166.87956011908489,165.1238689631101,166.77166748046875,51218200
2022-08-26,AAPL,167.3013082441995,167.7721056277997,160.42563400937078,160.48448181152344,78961000
2022-08-29,AAPL,158.06181135805244,159.77827539995786,156.7573118566176,158.28741455078125,73314000
2022-08-30,AAPL,159.02305667853338,159.44480926961938,154.6975633016655,155.86476135253906,77906200
2022-08-31,AAPL,157.23791969354875,157.50274977749038,154.12866933419335,154.20713806152344,87991100
2022-09-01,AAPL,153.63825654168207,155.38414463005734,151.70600708998924,154.93296813964844,74229900
2022-09-02,AAPL,156.6886721974106,157.2869832188541,152.00027368828214,152.8241729736328,76957800
2022-09-06,AAPL,153.4715206737186,154.07963464254792,150.7447958267751,151.56869506835938,73714800
2022-09-07,AAPL,151.85314497915547,153.6676838931478,150.66632598771957,152.97129821777344,87449600
2022-09-08,AAPL,151.67654337171805,153.3635832112232,149.75409740354615,151.5,84923800
2022-09-09,AAPL,152.4907097522004,154.79568238893683,151.7845060067485,154.3542938232422,68028800
2022-09-12,AAPL,156.53173198406338,161.11223777090294,156.24729591423596,160.2981414794922,104956000
2022-09-13,AAPL,156.83579030622826,157.46352522744408,150.43092752735453,150.8919219970703,122656600
2022-09-14,AAPL,151.82371618505977,154.08946168271527,150.66633598686377,152.33375549316406,87965400
2022-09-15,AAPL,151.6863795720259,152.26508456095567,148.47905455230304,149.4500732421875,90481100
2022-09-16,AAPL,148.31232430924803,148.44964084888636,145.52673670084437,147.8120880126953,162278800
2022-09-19,AAPL,146.44872924023372,151.5981220543988,146.24276190884032,151.5196533203125,81474200
2022-09-20,AAPL,150.46035140561636,155.05067517637016,150.14649142825516,153.89328002929688,107689800
2022-09-21,AAPL,154.32485530993193,155.6980357811973,150.65653533272163,150.77423095703125,101696800
2022-09-22,AAPL,149.45991695080835,151.5098622787984,148.01808565192604,149.81301879882812,86652500
2022-09-23,AAPL,148.29271727039426,148.5673503753869,145.71311171309017,147.54727172851562,96029900
2022-09-26,AAPL,146.79202323434507,150.82326264584486,146.77240230987616,147.88075256347656,93339400
2022-09-27,AAPL,149.81297617549825,151.75502830388234,147.0764338903238,148.85174560546875,84442700
2022-09-28,AAPL,144.81071412247172,147.75322390412563,142.06436866631904,146.9685516357422,146691400
2022-09-29,AAPL,143.3002421615135,143.9083561021041,137.98409428837317,139.74960327148438,128138200
2022-09-30,AAPL,138.5726147256006,140.35774479295515,135.35547138562947,135.5516357421875,124925300
2022-10-03,AAPL,135.56144631438175,140.32831325471835,135.05140704196927,139.72018432617188,114311700
2022-10-04,AAPL,142.2507447443845,143.41794280659562,141.49549629829846,143.3002471923828,87830100
2022-10-05,AAPL,141.3091461524557,144.55571313373582,140.26944671107276,143.594482421875,79471000
2022-10-06,AAPL,143.0158044200555,144.7126478104947,142.43711432828448,142.64308166503906,68402200
2022-10-07,AAPL,139.80845770678545,140.3577388347644,136.7776758724346,137.40541076660156,85925600
2022-10-10,AAPL,137.72909545898438,139.1709266873786,135.91455644051044,137.72909545898438,74899000
2022-10-11,AAPL,137.21903351996755,138.64125855443186,135.57123522583825,136.31666564941406,77033700
2022-10-12,AAPL,136.46381898254117,137.67024396939837,135.51240615749046,135.68894958496094,70433700
2022-10-13,AAPL,132.40313927882985,140.83832513907973,131.79501040391918,140.2498321533203,113224000
2022-10-14,AAPL,141.54453406151188,141.75051634248345,135.5418185741853,135.72817993164062,88598000
2022-10-17,AAPL,138.36663643162046,140.16155437004147,137.5819641011487,139.6809539794922,85250900
2022-10-18,AAPL,142.70190006350694,143.88870378321928,137.91541341285344,140.9952392578125,99136600
2022-10-19,AAPL,138.974750883936,142.1722730567363,138.78838952105372,141.10316467285156,61758300
2022-10-20,AAPL,140.2792613677454,143.09425775385319,139.91634163141597,140.6421661376953,64522000
2022-10-21,AAPL,140.13209517628826,145.01667134599194,139.91630996559246,144.44778442382812,86548600
2022-10-24,AAPL,144.3693587197694,147.3510957532076,143.2021606323234,146.58604431152344,75981900
2022-10-25,AAPL,147.21375676214043,149.56777350297594,146.49775025875292,149.42063903808594,74732300
2022-10-26,AAPL,148.06709300971718,149.07735346461445,145.20303709712394,146.48794555664062,88194300
2022-10-27,AAPL,145.23251764978033,146.19373355952823,141.36801811707775,142.02517700195312,109180200
2022-10-28,AAPL,145.36000606754794,154.48179100593666,144.98729827273644,152.75552368164062,164762400
2022-10-31,AAPL,150.22494584357278,151.28425122815005,149.00870300208484,150.4014892578125,97943200
2022-11-01,AAPL,152.10811360556946,152.47101829124242,146.27213990767143,147.76300048828125,80379300
2022-11-02,AAPL,146.09565715267652,149.2539532521018,142.2213542877692,142.2507781982422,93604600
2022-11-03,AAPL,139.3376507448135,140.06347524662803,136.0910838596121,136.21859741210938,97918500
2022-11-04,AAPL,139.59827074317496,140.16810151754257,132.0234836201314,135.95333862304688,140814800
2022-11-07,AAPL,134.70562941235488,136.70984922405512,133.29087896117363,136.48388671875,83374600
2022-11-08,AAPL,137.94771058910516,138.94981261597127,135.07891882338652,137.0536651611328,89908500
2022-11-09,AAPL,136.07123106652006,136.12035725287217,132.2297941583769,132.5048828125,74917800
2022-11-10,AAPL,138.7631733571785,144.29443359375,137.05368118428237,144.29443359375,118854000
2022-11-11,AAPL,143.26286485614494,147.37937519314977,141.83828048896822,147.07481384277344,93979700
2022-11-14,AAPL,146.3576050476643,147.644629976999,144.84460269456784,145.67970275878906,73374100
2022-11-15,AAPL,149.5506380930854,150.89660867721872,145.95481705312972,147.4088592529297,89868300
2022-11-16,AAPL,146.51481993344615,147.24183349471545,144.70707528826344,146.18077087402344,64218300
2022-11-17,AAPL,143.86215701114332,148.82360185357618,143.58706836561342,148.07693481445312,80389400
2022-11-18,AAPL,149.63904958366277,150.02220984195606,147.34008803390304,148.63693237304688,74829600
2022-11-21,AAPL,147.52674987775407,147.73305885560603,145.12953609848137,145.41444396972656,58724100
2022-11-22,AAPL,145.53236323934706,147.7821986794849,144.3533947208252,147.54640197753906,51804100
2022-11-23,AAPL,146.82922050043365,149.16748927839564,146.72114887646376,148.4208221435547,58301400
2022-11-25,AAPL,145.7092003283938,146.2692118769101,144.54006603549058,145.51271057128906,35195900
2022-11-28,AAPL,142.59476743015247,144.06846284178744,140.86563687733454,141.69090270996094,69246000
2022-11-29,AAPL,141.75966328460675,142.27054854346483,137.88876937413374,138.6943817138672,83763800
2022-11-30,AAPL,138.92037287256267,146.11201495746124,138.0852876520207,145.43411254882812,111380900
2022-12-01,AAPL,145.61096061666942,146.51482547786148,144.03901260255705,145.70919799804688,71250400
2022-12-02,AAPL,143.4004227674544,145.40464232225125,143.09584639700262,145.2179718017578,65447400
2022-12-05,AAPL,145.17869354013385,148.27344880391388,143.2137657558394,144.05868530273438,68826400
2022-12-06,AAPL,144.49095300364328,144.71691547188212,139.43125562304482,140.40390014648438,64727200
2022-12-07,AAPL,139.69652452502783,140.85582456681212,137.54492649061714,138.46844482421875,69721100
2022-12-08,AAPL,139.86357531316506,141.00323714839539,138.62567607289063,140.1484832763672,62128300
2022-12-09,AAPL,139.84387422747133,143.0172426533997,138.42912415381502,139.6670379638672,76097000
2022-12-12,AAPL,140.19757351667832,141.96601125722427,138.58633357333804,141.95619201660156,70462700
2022-12-13,AAPL,146.87838120056784,147.34014052136496,141.7106254929562,142.91905212402344,93886200
2022-12-14,AAPL,142.8011107216781,144.0881358235322,138.68458524913544,140.69863891601562,82291200
2022-12-15,AAPL,138.63545090272245,139.3133532425607,133.6445335943197,134.10629272460938,98931900
2022-12-16,AAPL,134.29299371012456,135.23615066480997,131.3848939522239,132.15121459960938,160156900
2022-12-19,AAPL,132.74067737544078,132.82909551472687,129.01714637272462,130.04872131347656,79592600
2022-12-20,AAPL,129.08588923628005,130.91327209557377,127.61219386559817,129.9799346923828,77432800
2022-12-21,AAPL,130.64802045895354,134.41085828161889,130.42205800232537,133.07470703125,85928000
2022-12-22,AAPL,131.99401195090732,132.20032094511618,128.0150307307424,129.9111785888672,77852100
2022-12-23,AAPL,128.62416529925937,130.09786107261186,127.36661277196195,129.5476837158203,63814900
2022-12-27,AAPL,129.0760801645503,129.10555287498912,126.46272323679953,127.74974822998047,69007800
2022-12-28,AAPL,127.39607559848972,128.73222692892008,123.66271775984323,123.8297348022461,85438400
2022-12-29,AAPL,125.74555630862793,128.19188939568883,125.49012108364987,127.33715057373047,75703700
2022-12-30,AAPL,126.15817798931155,127.67116561919678,125.19536018378078,127.6515121459961,77034200
2023-01-03,AAPL,127.99539057563403,128.60451337209517,121.99253578697103,122.87675476074219,112117500
2023-01-04,AAPL,124.66482384759799,126.40378887161263,122.88656686996354,124.14411926269531,89113600
2023-01-05,AAPL,124.90060516942826,125.5293813261351,122.57217104073682,122.82760620117188,80962700
2023-01-06,AAPL,123.80025205121024,128.0051879622661,122.69989001665523,127.34693908691406,87754700
2023-01-09,AAPL,128.18204084518473,131.07048653770673,127.6122100970975,127.86764526367188,70790800
2023-01-10,AAPL,127.97572556898378,128.95818934117645,125.87325369613974,128.43748474121094,63896200
2023-01-11,AAPL,128.94839939893015,131.1687626317444,128.1722594386808,131.1491241455078,69458900
2023-01-12,AAPL,131.53227009080283,131.90559617413024,129.13505580606935,131.0705108642578,71379600
2023-01-13,AAPL,129.71469801537842,132.55401787873402,129.35119119619432,132.39682006835938,57809700
2023-01-17,AAPL,132.46557135226192,134.88242345634274,131.77784981822288,133.5561065673828,63646600
2023-01-18,AAPL,134.4206645548957,136.17926764063154,132.66204647795638,132.83889770507812,69672800
2023-01-19,AAPL,131.7287538123279,133.86069855178562,131.42419241972087,132.89788818359375,58280400
2023-01-20,AAPL,132.90769302903612,135.59964906296133,131.86628386729487,135.4522705078125,80223600
2023-01-23,AAPL,135.6978953680963,140.80671912517695,135.4817521326256,138.63546752929688,81760300
2023-01-24,AAPL,137.84947751147084,140.64950501564115,137.83965827143598,140.03054809570312,66435100
2023-01-25,AAPL,138.41930821894437,139.93229570032543,136.37578195167205,139.37229919433594,65799300
2023-01-26,AAPL,140.65933109437518,141.72039372676826,139.41159795380088,141.43548583984375,54105100
2023-01-27,AAPL,140.64952711543583,144.64814715401417,140.57092820918845,143.37094116210938,70555800
2023-01-30,AAPL,142.41797596075202,142.99762607371383,140.34497649686972,140.49234008789062,64015300
2023-01-31,AAPL,140.19757555057984,141.80881551729502,139.78494257033407,141.7596893310547,65874500
2023-02-01,AAPL,141.44531098955775,144.03901475780756,138.84178798038548,142.87969970703125,77663600
2023-02-02,AAPL,146.28887274258696,148.52888929698446,145.5716782733727,148.1752166748047,118339000
2023-02-03,AAPL,145.43410775063012,154.62014981197694,145.23761799882098,151.7906494140625,154357300
2023-02-06,AAPL,149.8944947732861,150.41519933800663,148.1358763450209,149.0692138671875,69858300
2023-02-07,AAPL,147.9983146799996,152.50781896271047,147.9983146799996,151.93798828125,83322600
2023-02-08,AAPL,151.18152542311802,151.8692470443083,148.51904208604415,149.25588989257812,64120100
2023-02-09,AAPL,151.08329292122983,151.62365104865805,147.78221371418798,148.2243194580078,56007100
2023-02-10,AAPL,147.0632167115801,148.91305820143486,146.82706002572684,148.58834838867188,57450700
2023-02-13,AAPL,148.52932389765635,151.7862414824205,148.49980618651492,151.38282775878906,62199000
2023-02-14,AAPL,149.68058802933567,151.3041375201495,148.44079888424892,150.74327087402344,61707600
2023-02-15,AAPL,150.6546952720313,153.00636811059493,150.42838780610393,152.83909606933594,65573800
2023-02-16,AAPL,151.04829713189807,153.82308261470098,150.890874314185,151.24510192871094,68167900
2023-02-17,AAPL,149.90687847207133,150.5464488832577,148.4309328947845,150.10366821289062,59144100
2023-02-21,AAPL,147.79135689260553,148.87372305726493,146.03006833094608,146.09893798828125,58867200
2023-02-22,AAPL,146.4826667367167,147.5453493019233,144.80009726904348,146.52203369140625,51011300
2023-02-23,AAPL,147.6831183102613,147.92910925221886,144.8788305804024,147.00418090820312,48394200
2023-02-24,AAPL,144.75092512234477,144.8296440334222,143.38321594733068,144.3573455810547,55469600
2023-02-27,AAPL,145.34128862301924,146.77786725557394,145.0854484451516,145.54791259765625,44998500
2023-02-28,AAPL,144.6918692589824,146.689314426437,144.47539603761436,145.0460968017578,50547000
2023-03-01,AAPL,144.47538049709883,144.86895994047165,142.68455949733774,142.97975158691406,55479000
2023-03-02,AAPL,142.0647116163666,144.35734928778834,141.59239813777418,143.57017517089844,52238100
2023-03-03,AAPL,145.6660203114201,148.68679692265323,144.96741429678426,148.6080780029297,70732300
2023-03-06,AAPL,151.32379221822697,153.79355106354063,150.99909736370918,151.3631591796875,87558000
2023-03-07,AAPL,151.23522972088062,151.55993956940895,148.7064506179963,149.16891479492188,56182000
2023-03-08,AAPL,150.35951315538156,151.00893289820618,149.39523278864294,150.41854858398438,47204800
2023-03-09,AAPL,151.09748364556307,152.06176399701366,147.82088228318355,148.17510986328125,53833600
2023-03-10,AAPL,147.80120650188752,148.5194958597798,145.242894659562,146.11862182617188,68572400
2023-03-13,AAPL,145.43971996424668,150.6842500131036,145.33148332105827,148.05706787109375,84457100
2023-03-14,AAPL,148.85406081281639,150.94005952145656,147.69299059245188,150.14305114746094,73695900
2023-03-15,AAPL,148.76549840164833,150.79246155107444,147.51586009545082,150.53663635253906,77167900
2023-03-16,AAPL,149.71992520737962,153.95097226183628,149.20825986230471,153.3507537841797,76161100
2023-03-17,AAPL,153.57707174404283,154.22649145558808,151.80593390078133,152.51438903808594,98944600
2023-03-20,AAPL,152.5832627325511,155.28916298853815,151.6780028890537,154.87588500976562,73641400
2023-03-21,AAPL,154.79720820376127,156.84383990664745,154.02970254755692,156.72576904296875,73938300
2023-03-22,AAPL,156.74540844255807,159.53986153376988,155.27929723644732,155.29898071289062,75701800
2023-03-23,AAPL,156.28299079055427,158.95937384680835,155.15142327717084,156.38137817382812,67622100
2023-03-24,AAPL,156.31251228008384,157.76877470893055,155.31871410467124,157.6802215576172,59196500
2023-03-27,AAPL,157.37515888196728,158.19185056660328,155.33834678641222,155.7417755126953,52390300
2023-03-28,AAPL,155.43676283008696,155.94842821050446,153.47866946121147,155.12188720703125,45992200
2023-03-29,AAPL,156.81432081388166,158.4673879613573,156.79465234617297,158.19187927246094,51305700
2023-03-30,AAPL,158.9396863414281,159.8646148025582,158.68386113447403,159.75637817382812,49501700
2023-03-31,AAPL,159.83504277188575,162.35398707823882,159.3135432872467,162.25558471679688,68749800
2023-04-03,AAPL,161.63570888278477,163.62330459513862,161.58650769871608,163.50523376464844,56976200
2023-04-04,AAPL,163.92838412805693,164.16452584406122,162.4622725801105,162.97393798828125,46278300
2023-04-05,AAPL,162.0982064947886,162.40323287933546,159.20535043705326,161.1339111328125,51511700
2023-04-06,AAPL,159.8252203026454,162.31466233453045,159.40212310856722,162.01947021484375,45390100
2023-04-10,AAPL,158.8314221542027,159.431640625,157.5129143705151,159.431640625,47716900
2023-04-11,AAPL,159.7465367378167,159.75637097122245,157.93603184667685,158.2213897705078,47644200
2023-04-12,AAPL,158.6346426672523,159.4611686435216,157.21773241416443,157.53260803222656,50133100
2023-04-13,AAPL,159.03807402297244,163.14120127307194,158.83143501847854,162.90504455566406,68445600
2023-04-14,AAPL,161.95057076563972,163.65283866101953,161.19292957831368,162.56063842773438,49386500
2023-04-17,AAPL,162.44258319038994,162.7377753387549,161.39958394505072,162.58033752441406,41516200
2023-04-18,AAPL,163.43639900098648,164.7253892225956,162.99360326395418,163.8004608154297,49923000
2023-04-19,AAPL,163.14122346923992,165.4633789570219,162.885383237049,164.94187927246094,47720200
2023-04-20,AAPL,163.42652181136077,165.17797593709363,162.9050222690973,163.9775390625,52456400
2023-04-21,AAPL,162.40325123756864,163.78079474740133,161.85223383363555,162.3737335205078,58337300
2023-04-24,AAPL,162.35403159020615,162.9444158925364,161.26183114076272,162.67874145507812,41949600
2023-04-25,AAPL,162.54099521393778,163.6430299514636,161.10440134757968,161.14376831054688,48714100
2023-04-26,AAPL,160.44513945575562,162.6295403559192,160.1893142654478,161.1339111328125,45498800
2023-04-27,AAPL,162.5409858833323,165.85693915334915,162.5409858833323,165.7093505859375,64902300
2023-04-28,AAPL,165.78806481489534,167.12625617335198,165.1878463008649,166.95896911621094,55275900
2023-05-01,AAPL,166.56538074727197,167.71661652166532,165.93564455408003,166.8704071044922,52472900
2023-05-02,AAPL,167.36238122666072,167.61822139630092,164.85327080237903,165.8372344970703,48425700
2023-05-03,AAPL,166.78183794919684,168.17906452442512,164.47936662159927,164.76470947265625,65136000
2023-05-04,AAPL,162.24581661627295,164.36133312270948,161.6751157183002,163.13137817382812,81235400
2023-05-05,AAPL,168.23809809226543,171.50486456691795,168.02162489145863,170.7865753173828,113453200
2023-05-08,AAPL,169.71408033203093,171.06212101363838,169.35001851271124,170.7177276611328,55962800
2023-05-09,AAPL,170.27492954930042,170.75706217667226,168.84818511789587,169.0154571533203,45326900
2023-05-10,AAPL,170.24541483030967,171.23921282792068,169.14336520388548,170.77674865722656,53724500
2023-05-11,AAPL,171.0621017201797,171.7902252766967,169.4090348343318,170.9636993408203,49514700
2023-05-12,AAPL,171.07210045600348,171.50564580777203,168.49055408757272,170.0375213623047,45533100
2023-05-15,AAPL,170.6188460048669,170.66811525184778,168.95364468701064,169.5448455810547,37266700
2023-05-16,AAPL,169.46601779285794,170.5991352991019,169.27880367524853,169.5448455810547,42110300
2023-05-17,AAPL,169.19013234108013,170.39221479568312,167.91905489711874,170.15574645996094,57951600
2023-05-18,AAPL,170.46119076780954,172.6683237371227,170.04735615510018,172.48110961914062,65496700
2023-05-19,AAPL,173.80146880445517,173.80146880445517,172.37275062180032,172.5895233154297,55809500
2023-05-22,AAPL,171.42682777563832,172.14612580242743,170.9046067635048,171.6436004638672,43570900
2023-05-23,AAPL,170.58927970470205,170.83561089353927,168.76642289336164,169.0423126220703,50747300
2023-05-24,AAPL,168.57919800904358,169.88968165407772,168.0175707525213,169.3181915283203,45143500
2023-05-25,AAPL,169.87986475065702,171.34798918728478,169.17042964019168,170.45135498046875,56058300
2023-05-26,AAPL,170.7764937271046,173.1905363695113,170.56956891324683,172.8555145263672,54835000
2023-05-30,AAPL,174.36308277683443,176.36329091292328,173.978806707213,174.69808959960938,55964400
2023-05-31,AAPL,174.72766202276017,176.71802248155805,174.16601962684186,174.64883422851562,99625300
2023-06-01,AAPL,175.09221783191245,177.47670209655325,174.33351350934285,177.4471435546875,68901800
2023-06-02,AAPL,178.37336820267623,179.11236188910445,176.62933889294345,178.29454040527344,61996900
2023-06-05,AAPL,179.94990047733975,182.23584654381537,175.42724752914353,176.9446563720703,121946500
2023-06-06,AAPL,177.328904296753,177.4766970018392,174.82617090162998,176.58006286621094,64848400
2023-06-07,AAPL,175.82136104700194,178.5507149734009,174.71780207381394,175.21046447753906,61944600
2023-06-08,AAPL,175.2892895872439,178.18614713091944,174.85575927069235,177.9201202392578,50214900
2023-06-09,AAPL,178.83645110058313,179.55573399442156,177.9792233362159,178.30438232421875,48900000
2023-06-12,AAPL,178.60982685528654,181.19137296447727,178.31422641468646,181.09283447265625,54274900
2023-06-13,AAPL,180.1173628493618,181.44754220802452,179.76264534674598,180.619873046875,54929100
2023-06-14,AAPL,180.67901332162722,181.684048880549,179.34883379218707,181.25050354003906,57462900
2023-06-15,AAPL,181.26038457492544,183.7828140435399,181.08301826564116,183.28028869628906,65433200
2023-06-16,AAPL,183.98970387223915,184.245897953939,181.56581317602513,182.20626831054688,101256200
2023-06-20,AAPL,181.7037512704965,183.36895259993452,181.7037512704965,182.29493713378906,49799100
2023-06-21,AAPL,182.1865534203878,182.68907870149724,179.91045548906328,181.26036071777344,49515700
2023-06-22,AAPL,181.0435838743865,184.3050065515812,180.97460392176268,184.2557373046875,51245300
2023-06-23,AAPL,182.82703803401998,184.80753566864925,182.29495416898448,183.94044494628906,53117000
2023-06-26,AAPL,184.08822111663613,185.2903184900679,182.51169553463515,182.55111694335938,48088700
2023-06-27,AAPL,183.1620179856705,185.6253298715582,182.94524533692336,185.3001708984375,50730800
2023-06-28,AAPL,185.17209649255778,187.11318769857849,184.84695251457532,186.4727325439453,51216800
2023-06-29,AAPL,186.30522898461155,187.2807060224463,186.16728410364277,186.8077392578125,46347300
2023-06-30,AAPL,188.81778728912292,191.62595381515632,188.45320690668942,191.12344360351562,85213200
2023-07-03,AAPL,190.9362564156046,191.03479491877454,188.94589592351636,189.63563537597656,31458200
2023-07-05,AAPL,188.75866963191964,190.14796610334872,187.82259909124357,188.52218627929688,46920300
2023-07-06,AAPL,187.05405664400223,189.20207252866174,186.42344937265386,188.99514770507812,45094300
2023-07-07,AAPL,188.60102706839623,189.84253092683244,187.4481988352347,187.88172912597656,46815000
2023-07-10,AAPL,186.48255712554894,187.2018550195119,184.2951349736181,185.84210205078125,59922200
2023-07-11,AAPL,186.384037813756,186.5219826806886,183.86160879849567,185.31988525390625,46638100
2023-07-12,AAPL,186.89640150427806,188.88676181703667,185.70416691161034,186.98509216308594,60750200
2023-07-13,AAPL,187.70435278315148,188.38422922243208,186.99491780606402,187.74375915527344,41342300
2023-07-14,AAPL,187.43834550769154,188.37440112570727,186.8471596075647,187.8916015625,41616200
2023-07-17,AAPL,189.08383285312058,191.46833222271863,188.99515722491665,191.14317321777344,50520200
2023-07-18,AAPL,190.51253447403246,191.47814845869007,189.59617469589472,190.88694763183594,48288200
2023-07-19,AAPL,190.26622781119138,195.32093388898534,189.82281961650222,192.23687744140625,80507300
2023-07-20,AAPL,192.22701989757815,193.58677299126168,189.67503216410122,190.29579162597656,59581200
2023-07-21,AAPL,191.25156585425083,192.10879369152832,188.42367321559357,189.12326049804688,71951700
2023-07-24,AAPL,190.57165886992988,192.04964595897565,189.42867857936756,189.9213409423828,45377800
2023-07-25,AAPL,190.49285737606127,191.58656857428397,190.08887057427083,190.77859497070312,37283200
2023-07-26,AAPL,190.82785426220883,192.7689453418544,190.48299959942145,191.6456756591797,47471900
2023-07-27,AAPL,193.1433729163405,194.30604897209747,189.72429463258098,190.38446044921875,47460200
2023-07-28,AAPL,191.8131659299023,193.7444090416655,191.29094501886246,192.95614624023438,48291400
2023-07-31,AAPL,193.18277106210203,193.6064685292723,192.394508242959,193.56704711914062,38824100
2023-08-01,AAPL,193.36013930235927,193.8429388199064,192.41422090280528,192.7393798828125,35175100
2023-08-02,AAPL,192.17773571935334,192.3156805851802,189.03456234552243,189.75384521484375,50389300
2023-08-03,AAPL,188.75865610470643,189.54690382056828,187.89156557542466,188.36451721191406,61235200
2023-08-04,AAPL,182.79748597555601,184.63019095429203,179.25031019901363,179.3192901611328,115956800
2023-08-07,AAPL,179.4572213905704,180.44254624962392,174.74736976708382,176.22535705566406,97576100
2023-08-08,AAPL,177.05300588853657,177.62449604499406,174.97397007455905,177.16139221191406,67823000
2023-08-09,AAPL,178.21570618554995,178.2748232727554,174.41235154839882,175.57504272460938,60378500
2023-08-10,AAPL,176.8460654118823,178.09743193733033,174.99366527850802,175.3582305908203,54686900
2023-08-11,AAPL,174.95373578240464,176.2363757071569,174.1940069392339,175.41744995117188,52036700
2023-08-14,AAPL,175.59504844195268,177.2920967961584,174.9438523177461,177.06517028808594,43675600
2023-08-15,AAPL,176.49289504388423,177.08487915778778,174.68731413890805,175.08197021484375,43622600
2023-08-16,AAPL,174.76626971305478,176.15744233651847,174.14467201512105,174.2137451171875,46964900
2023-08-17,AAPL,174.7761369036864,175.1411945839284,171.1649745274817,171.67803955078125,66062900
2023-08-18,AAPL,170.0007364455324,172.76337470680727,169.6652772069575,172.16151428222656,61172200
2023-08-21,AAPL,172.7337706675176,173.77962299820936,171.42151715942626,173.4934844970703,46311900
2023-08-22,AAPL,174.69719959083847,175.30892111024494,173.89801113995804,174.86492919921875,42038900
2023-08-23,AAPL,176.1377232252428,179.12728783194132,175.9502562936072,178.70301818847656,52722800
2023-08-24,AAPL,178.25902046647073,178.68329009610582,173.6612029173666,174.02627563476562,54945800
2023-08-25,AAPL,175.0129348306344,176.7593040006282,173.4737548580186,176.2265167236328,51449600
2023-08-28,AAPL,177.68677460091166,178.1801023209798,176.1673318473753,177.7854461669922,43820700
2023-08-29,AAPL,177.30199404892278,182.43259974524452,177.10466595582741,181.6630096435547,53003900
2023-08-30,AAPL,182.4720614420058,185.34323241647965,182.27473336292013,185.14588928222656,60813900
2023-08-31,AAPL,185.33333184264131,186.59624944883035,184.9781353249528,185.36293029785156,60794500
2023-09-01,AAPL,186.96131537308187,187.3855699191495,185.76745585396847,186.9317169189453,45766500
2023-09-05,AAPL,185.76746926717502,187.44478036173828,185.10641198511868,187.16851806640625,45280000
2023-09-06,AAPL,185.88585963952747,186.32986658571798,179.04834537431464,180.46913146972656,81755800
2023-09-07,AAPL,172.84230680208358,175.8318868790433,171.22419235116297,175.1905517578125,112488800
2023-09-08,AAPL,175.97000602806156,177.83478423163749,175.41746632815568,175.80226135253906,65551300
2023-09-11,AAPL,177.66706953016848,177.8939960879197,174.97348907813478,176.96653747558594,58953100
2023-09-12,AAPL,177.09475937210624,177.72621814105926,172.48708107979573,173.94732666015625,90370200
2023-09-13,AAPL,174.15454941477398,174.93401565723292,171.65831231126361,171.88525390625,84267900
2023-09-14,AAPL,171.67802028548886,173.75000241444866,171.2636268707299,173.39480590820312,60895800
2023-09-15,AAPL,174.12494522635322,174.14468255030425,171.5004532372104,172.674560546875,109259500
2023-09-18,AAPL,174.12494029407293,176.98624997924455,173.8190795297471,175.59506225585938,67257600
2023-09-19,AAPL,175.1510553991506,177.23289871202428,174.7662604292434,176.6803741455078,51826900
2023-09-20,AAPL,176.86782730089922,177.30195805066697,173.0593371622532,173.1481475830078,58436200
2023-09-21,AAPL,172.22069958579337,173.94734650075085,171.53990496478352,171.6089630126953,63149100
2023-09-22,AAPL,172.33906468788402,174.71690737052137,171.72734327191537,172.45745849609375,56725400
2023-09-25,AAPL,171.87536866413782,174.60840835340898,171.82603288281885,173.73028564453125,46172700
2023-09-26,AAPL,172.4871029695211,172.8620217812148,169.3692683155077,169.66526794433594,64588900
2023-09-27,AAPL,170.3164169598986,170.73081034008564,166.7940657007268,168.1556396484375,66921800
2023-09-28,AAPL,167.08022534636603,169.7343308371659,165.38317681816312,168.41221618652344,56294400
2023-09-29,AAPL,169.72448150635748,170.76047278128746,168.0668924554359,168.92529296875,51861100
2023-10-02,AAPL,168.93514418826848,171.97404472395215,168.64900568223578,171.43138122558594,52164500
2023-10-03,AAPL,169.96126458937815,171.31299281082715,168.54049336939298,170.09939575195312,49594600
2023-10-04,AAPL,168.80687858022958,171.88525384459265,168.68848474300435,171.34259033203125,53020300
2023-10-05,AAPL,171.47083294671847,173.10868450108188,170.3756448658088,172.57589721679688,48527900
2023-10-06,AAPL,171.48071432556827,175.61480292776608,170.8689777300858,175.12147521972656,57266700
2023-10-09,AAPL,174.45053908507856,176.66065260372454,173.45402254968238,176.60145568847656,42390800
2023-10-10,AAPL,175.7233522345748,177.32172934204314,175.57534487507363,176.0094757080078,43698000
2023-10-11,AAPL,175.82199530812358,177.44998580714199,175.23001108089,177.40065002441406,47551100
2023-10-12,AAPL,177.6670488234186,179.90674578858014,176.6507798893927,178.2985076904297,56743100
2023-10-13,AAPL,178.9990143278533,179.50220314362676,175.7627859383901,176.46331787109375,51427100
2023-10-16,AAPL,174.39134016768617,176.69024903281087,174.15453745424634,176.33505249023438,52517000
2023-10-17,AAPL,174.2926830064713,176.03906740635364,172.46737941742194,174.7860107421875,57549400
2023-10-18,AAPL,173.23695950912395,175.21027033840411,172.77323025982977,173.4934844970703,54764400
2023-10-19,AAPL,173.69077704835468,175.46675944254312,172.8521291505183,173.1185302734375,59302900
2023-10-20,AAPL,172.97054807703984,173.07908076842247,170.33618008275127,170.57298278808594,64244000
2023-10-23,AAPL,168.62926966195786,171.68789221712717,167.66233657820504,170.69137573242188,55980100
2023-10-24,AAPL,170.74072378645857,171.35244533043914,169.16206908920728,171.12551879882812,43816600
2023-10-25,AAPL,169.58633193718455,170.75057806188605,168.3727349771656,168.81674194335938,57157000
2023-10-26,AAPL,168.0964746462511,169.0930062294273,163.459197305812,164.6629180908203,70625300
2023-10-27,AAPL,164.68267291441106,166.70531969794123,164.60373866788856,165.97518920898438,58499100
2023-10-30,AAPL,166.76447575317525,168.88577853365425,166.61646843152695,168.01751708984375,51131000
2023-10-31,AAPL,167.09008588386948,168.61938959873203,165.6594236135805,168.4911346435547,44846000
2023-11-01,AAPL,168.71806981976965,171.90496247869652,167.849808268541,171.6484375,56934900
2023-11-02,AAPL,173.17776232760195,175.40759814141026,173.118565411641,175.20040893554688,77334800
2023-11-03,AAPL,171.91485064572058,174.46042350768224,171.0367278993792,174.2926788330078,79829200
2023-11-06,AAPL,174.02628274488598,177.0355696443862,173.85855313497558,176.83824157714844,63841300
2023-11-07,AAPL,176.78892234542403,180.00542885763969,176.5817331247381,179.39370727539062,70530000
2023-11-08,AAPL,179.91662978825056,181.00194176498167,179.16676200069597,180.4494171142578,49340300
2023-11-09,AAPL,180.51847829944086,181.6629871195562,179.3838155582821,179.97581481933594,53763500
2023-11-10,AAPL,181.75412225306079,184.32281184408907,181.3194195461175,184.15484619140625,66133400
2023-11-13,AAPL,183.58184574005094,183.78930789371245,181.99123723697815,182.57412719726562,43627500
2023-11-14,AAPL,185.43922075842696,185.84428607992842,184.05608926427885,185.18235778808594,60108400
2023-11-15,AAPL,185.5873915048758,187.21751156501972,185.5182274044454,185.74545288085938,53790500
2023-11-16,AAPL,187.28668991537342,188.65994715340477,186.37775779056014,187.4250030517578,54412900
2023-11-17,AAPL,187.95846486721982,188.08690385906573,186.29870747259162,187.40521240234375,50922700
2023-11-20,AAPL,187.60281994734135,189.598493753426,187.59294582194016,189.14402770996094,46505100
2023-11-21,AAPL,189.10452557023848,189.21320125507725,187.45464204586924,188.3437957763672,38134500
2023-11-22,AAPL,189.18354656200316,190.60618938615343,188.53149251239262,189.00570678710938,39617700
2023-11-24,AAPL,188.57102324664504,188.60066069963858,186.97054048498805,187.68186950683594,24048300
2023-11-27,AAPL,187.63246733233092,188.37343380166539,186.6247487130357,187.5040283203125,40552600
2023-11-28,AAPL,187.4941619704054,188.77850691885152,187.11873411970524,188.106689453125,38415400
2023-11-29,AAPL,188.6006511365786,189.77632029571453,186.69390474066958,187.08908081054688,43014200
2023-11-30,AAPL,187.55341843722022,188.02764780463457,185.92329832735996,187.66209411621094,48794400
2023-12-01,AAPL,188.03754149609296,189.25272234216075,186.95078459310412,188.93658447265625,45704800
2023-12-04,AAPL,187.69170901814908,187.76087311237956,185.19218377665425,187.14833068847656,43389500
2023-12-05,AAPL,187.91895861640964,192.0584780958342,187.88930609245244,191.0902862548828,66628400
2023-12-06,AAPL,192.10787423934497,192.41413792119363,189.79606282635905,190.0035400390625,41089700
2023-12-07,AAPL,191.29776300970337,192.6512567588297,191.25823636118906,191.9300537109375,47477700
2023-12-08,AAPL,191.86091528323507,193.629363703371,191.33730018286,193.3527374267578,53406400
2023-12-11,AAPL,190.78407666583118,191.1595045590876,189.11442955109024,190.8532257080078,60943700
2023-12-12,AAPL,190.75441983366463,192.37466599656702,189.41079996137955,192.3647918701172,52696900
2023-12-13,AAPL,192.74019585543422,195.6151493963814,192.50309623143957,195.5756378173828,70404200
2023-12-14,AAPL,195.63490356313392,197.21562292408947,193.79730618821,195.72381591796875,66831600
2023-12-15,AAPL,195.1507962246044,196.01031245444227,194.62718115642724,195.19032287597656,128538400
2023-12-18,AAPL,193.72813612536964,194.26164038796966,192.0486152607036,193.53054809570312,55751900
2023-12-19,AAPL,193.79729775296602,194.57777573643529,193.5305456250714,194.56790161132812,40714100
2023-12-20,AAPL,194.5283970820936,195.2990010280865,192.48333740234375,192.48333740234375,52242800
2023-12-21,AAPL,193.73802319308166,194.70621508029078,191.16933361068988,192.33511352539062,46482500
2023-12-22,AAPL,192.82908334808235,193.05632389177538,190.64571085868127,191.26812744140625,37149600
2023-12-26,AAPL,191.2780297879531,191.55465607108982,190.50742584564344,190.7247772216797,28919300
2023-12-27,AAPL,190.17150836602553,191.16933772508392,188.78836199381533,190.82354736328125,48087700
2023-12-28,AAPL,191.80161980345068,192.3153607227681,190.8433020640508,191.2483673095703,34049900
2023-12-29,AAPL,191.56452296375952,192.0585006042798,189.4206618129017,190.21102905273438,42672100
2024-01-02,AAPL,184.89582930034302,186.17030008579113,181.6751004330507,183.40402221679688,82488700
2024-01-03,AAPL,182.00112426612563,183.6411336613478,181.22063114701328,182.03076171875,58414500
2024-01-04,AAPL,179.95604798314233,180.88472835710988,178.70135563320858,179.7189483642578,71983600
2024-01-05,AAPL,179.79796753554595,180.5586821654936,177.99988188294327,178.99771118164062,62379700
2024-01-08,AAPL,179.89676064456035,183.36449308108033,179.3138706884217,183.32496643066406,59144500
2024-01-09,AAPL,181.7047124117811,182.91989304556353,180.52904335165846,182.91001892089844,42841800
2024-01-10,AAPL,182.12955368013527,184.1548498527509,181.70472508990332,183.9473876953125,46792900
2024-01-11,AAPL,184.29316874581366,184.7970355796361,181.4083411771675,183.3546142578125,49128400
2024-01-12,AAPL,183.818931403084,184.49074873898914,182.95941525310155,183.6806182861328,40477800
2024-01-16,AAPL,179.9659175831278,182.04061439740983,178.75072186869164,181.418212890625,65603000
2024-01-17,AAPL,179.08663943068214,180.72663357001974,178.12832170152117,180.47964477539062,47317400
2024-01-18,AAPL,183.8485869578717,186.86185345428623,183.59172402252184,186.35800170898438,78005800
2024-01-19,AAPL,187.04957995238564,189.63801803091337,186.5457281731689,189.25271606445312,68903000
2024-01-22,AAPL,189.98379650311966,192.97729968749402,189.94426985134535,191.5546417236328,60133900
2024-01-23,AAPL,192.67105542323813,193.392258603415,191.49538615178406,192.82911682128906,42355600
2024-01-24,AAPL,193.06623524024957,194.0146790217886,191.99924163914412,192.15731811523438,53631300
2024-01-25,AAPL,192.86860899256396,193.9059649333701,190.78402298627717,191.8312530517578,54822100
2024-01-26,AAPL,191.93004847085402,192.41413683944202,189.6281111952244,190.10232543945312,44594000
2024-01-29,AAPL,189.69728055859,189.88499446653958,187.29655655692048,189.420654296875,47145600
2024-01-30,AAPL,188.64016451675863,189.48980657471878,185.21195883551243,185.77508544921875,55859400
2024-01-31,AAPL,184.7871410441138,184.846431021382,182.12955411744667,182.17893981933594,55467800
2024-02-01,AAPL,181.77390231724044,184.69824158324056,181.6059517240919,184.6093292236328,64885400
2024-02-02,AAPL,177.6936383802958,185.07366557426653,177.0909850527091,183.6114959716797,102551700
2024-02-05,AAPL,185.88375846902116,186.97051518171523,183.60158444736317,185.41941833496094,69668800
2024-02-06,AAPL,184.60931480628852,187.02980210381148,184.5204024536245,187.01992797851562,43490800
2024-02-07,AAPL,188.3437817688575,188.74884702540382,186.33823388644547,187.12860107421875,53439000
2024-02-08,AAPL,187.10883150171134,187.25701874915856,185.09340956143063,186.05172729492188,40962000
2024-02-09,AAPL,186.6155602859614,187.941120969739,185.9725760341758,186.81341552734375,45155200
2024-02-12,AAPL,186.3880527684402,186.63535673641036,184.77562606711913,185.13174438476562,41781900
2024-02-13,AAPL,183.76663306878044,184.20189045877694,181.53099558275042,183.04449462890625,56529500
2024-02-14,AAPL,183.32147349103352,183.5292003496781,180.47252724717288,182.16407775878906,54630500
2024-02-15,AAPL,181.57058851615943,182.50045391335385,179.39431647047905,181.8772430419922,65434500
2024-02-16,AAPL,181.44197861733377,182.8565652037317,179.7108507918506,180.3439483642578,49752500
2024-02-20,AAPL,179.82955095197704,180.46264852115328,178.0588611409836,179.60203552246094,53665600
2024-02-21,AAPL,179.9779444437335,180.91769653606136,178.71174929095213,180.35385131835938,41371400
2024-02-22,AAPL,181.50132758611662,182.9653779737103,180.49233824441416,182.38172912597656,52292200
2024-02-23,AAPL,183.01485026342843,183.04452553646294,180.26483093781445,180.5517120361328,45119700
2024-02-26,AAPL,180.27471486922383,180.78909628027105,178.7018500832812,179.20635986328125,40867400
2024-02-27,AAPL,179.1470080612827,181.93658908973126,177.62360710096542,180.66050720214844,54318900
2024-02-28,AAPL,180.54178846123017,181.14521076395337,178.1874648834917,179.4635467529297,48953900
2024-02-29,AAPL,179.31517776545977,180.6011615069905,177.59393659501978,178.80078125,136682600
2024-03-01,AAPL,177.61373507516265,178.58316252471684,175.46713817545924,177.72254943847656,73563100
2024-03-04,AAPL,174.25038035125658,174.99229230011673,171.9158301484072,173.2117156982422,81510100
2024-03-05,AAPL,168.9184826327907,170.18467763470022,167.7907772375202,168.28538513183594,95132400
2024-03-06,AAPL,169.21525418377138,169.39332087872134,166.8609157238647,167.29617309570312,68587700
2024-03-07,AAPL,167.32585131213037,168.88881413208614,166.67298033709926,167.17747497558594,71765100
2024-03-08,AAPL,167.17747009753631,171.82678133583968,167.11811956465033,168.88880920410156,76267000
2024-03-11,AAPL,171.07502316349817,172.49949666610803,170.19462149789052,170.88706970214844,60139500
2024-03-12,AAPL,171.28273835287425,172.1532532324886,169.16581679091567,171.36187744140625,59825400
2024-03-13,AAPL,170.90685960163916,171.32232852748163,168.9185256992457,169.2845458984375,52488700
2024-03-14,AAPL,171.04532782778392,172.43022407386235,170.19460153541087,171.1343536376953,72913500
2024-03-15,AAPL,169.32407812222547,170.75843811035156,168.4535633292171,170.75843811035156,121752700
2024-03-18,AAPL,173.67665901704393,175.79358063684148,171.6487632139381,171.8466033935547,75604200
2024-03-19,AAPL,172.45989598897214,174.70542030322298,171.16402557801365,174.18113708496094,55215200
2024-03-20,AAPL,173.82502584048726,176.7432098388672,173.2018149693641,176.7432098388672,53423100
2024-03-21,AAPL,175.14068113790177,175.57593855649498,168.99764365136926,169.5219268798828,106181300
2024-03-22,AAPL,169.90772263085663,171.18381963278856,168.22605856941686,170.422119140625,71160100
2024-03-25,AAPL,168.73057383883838,170.085794876263,167.6226416976105,169.00755310058594,54288300
2024-03-26,AAPL,168.16671829054096,169.57140318495337,167.75124938607289,167.87985229492188,57388400
2024-03-27,AAPL,168.57230438056465,171.7279058767874,168.27553655784754,171.44102478027344,60273300
2024-03-28,AAPL,169.89786038812744,170.37267987636224,168.6712270247615,169.63076782226562,65672700
2024-04-01,AAPL,169.34385933496506,169.40320986933065,167.65229363436822,168.1963653564453,46240500
2024-04-02,AAPL,167.25662806803024,167.51381877100314,166.41578850586058,167.0192108154297,49329500
2024-04-03,AAPL,166.9697540235435,168.83937157047524,166.7620271262386,167.8204803466797,47691700
2024-04-04,AAPL,168.4535689105981,170.06599565718972,166.9994354248047,166.9994354248047,53704400
2024-04-05,AAPL,167.7611226870966,168.5524984345705,167.12802510796487,167.75123596191406,42104800
2024-04-08,AAPL,167.20716991074772,167.37533481002382,166.4256959559663,166.6334228515625,37425500
2024-04-09,AAPL,166.8806999592474,168.24582257310013,166.5344834909376,167.84024047851562,42373800
2024-04-10,AAPL,166.97966188332379,167.26652787853376,165.30788444762385,165.9706573486328,49709300
2024-04-11,AAPL,166.52458559261675,173.56781241373886,166.34653399230652,173.15232849121094,91070300
2024-04-12,AAPL,172.38075949507746,176.43655077441642,172.33131077483722,174.6460723876953,101670900
2024-04-15,AAPL,173.46891791454695,174.72522645768026,170.63975955810392,170.8277130126953,73531800
2024-04-16,AAPL,169.89784277952464,171.88616144450353,166.45537543168857,167.55340576171875,73711200
2024-04-17,AAPL,167.780901063059,168.80967890645843,166.18826293945312,166.18826293945312,50901200
2024-04-18,AAPL,166.21794611620325,166.8213684176903,164.75391081370103,165.23861694335938,43122900
2024-04-19,AAPL,164.41758473594675,164.60552308162337,162.31054999578998,163.2206268310547,68149400
2024-04-22,AAPL,163.7350029833429,165.45622881020677,162.9930911354229,164.05154418945312,48116400
2024-04-23,AAPL,163.56688583372357,165.24855016082816,163.14151506780158,165.10015869140625,49537800
2024-04-24,AAPL,164.74402954196006,167.47427542099652,164.4176015378687,167.19729614257812,48251800
2024-04-25,AAPL,167.7017887376114,168.7701438382538,166.33666581552853,168.0579071044922,50558300
2024-04-26,AAPL,168.04802077933093,169.49226770262163,167.35555749623813,167.47427368164062,44838400
2024-04-29,AAPL,171.50033388681905,174.13165146794697,171.23325649572146,171.62893676757812,68169400
2024-04-30,AAPL,171.46079655206535,173.10289859543835,168.1667057400835,168.49314880371094,65934800
2024-05-01,AAPL,167.75125295718234,170.84750390177777,167.28632022447192,167.47427368164062,50383100
2024-05-02,AAPL,170.64963546996492,171.54982559320527,169.04711048582428,171.16403198242188,94214900
2024-05-03,AAPL,184.6371141692426,184.98334572031666,180.6901529770176,181.4023895263672,163224100
2024-05-06,AAPL,180.38352481626606,182.21356516877455,178.47433028646978,179.75042724609375,78569700
2024-05-07,AAPL,181.4716631656838,182.90602327557747,179.36464345444207,180.4329833984375,77305800
2024-05-08,AAPL,180.87814724687024,181.09577596912635,179.49323582394607,180.7693328857422,45057100
2024-05-09,AAPL,180.5912561815798,182.66861565405213,180.14611203583203,182.57958984375,48983000
2024-05-10,AAPL,183.15410154420678,183.34230991411323,180.4102677646858,181.3215789794922,50759500
2024-05-13,AAPL,183.68897723381502,185.33330623986973,182.87671286406248,184.5210418701172,72044800
2024-05-14,AAPL,185.73947897801656,186.52202806777518,184.5309973091758,185.6602325439453,52393600
2024-05-15,AAPL,186.13569714479723,188.84981551266446,185.60078753373725,187.92860412597656,70400000
2024-05-16,AAPL,188.67151097089564,189.29556710780693,187.86916171755817,188.04745483398438,52845200
2024-05-17,AAPL,187.72054713149117,189.00827490956243,187.39366134142406,188.0771484375,41282900
2024-05-20,AAPL,187.54225437261144,190.10779468490833,187.2252687157197,189.23609924316406,44361300
2024-05-21,AAPL,189.28567056183377,190.91018461353585,189.11727756366656,190.53378295898438,42309400
2024-05-22,AAPL,190.45450146899057,190.999311136132,188.47338639917342,189.09742736816406,34648500
2024-05-23,AAPL,189.1767103485156,189.19652573516206,184.86779330766728,185.1154327392578,51005900
2024-05-24,AAPL,187.03710655742805,188.78048261582597,186.26445766907554,188.18614196777344,36327000
2024-05-28,AAPL,189.70168159973719,191.1776178733189,187.31444925751387,188.196044921875,52280100
2024-05-29,AAPL,187.81963788738682,190.43470949642946,187.72057607583483,188.4932098388672,53068000
2024-05-30,AAPL,188.95875509095092,190.365345015264,188.82999288588945,189.48374938964844,49889100
2024-05-31,AAPL,189.6323735603605,190.7517086279001,188.11682144814546,190.43472290039062,75158300
2024-06-03,AAPL,191.07857147290113,193.14884852262287,190.7021698304424,192.19790649414062,50080500
2024-06-04,AAPL,192.80213237542046,193.47571940906454,191.2073340206378,192.51487731933594,47471400
2024-06-05,AAPL,193.55497498638144,195.04081158591265,193.02998059705732,194.02053833007812,54156800
2024-06-06,AAPL,193.8422276391208,194.64457691185422,192.33657578915964,192.64364624023438,41181800
2024-06-07,AAPL,192.8120142553044,195.08039942896673,192.3068353639325,195.03086853027344,53103900
2024-06-10,AAPL,195.0407692210349,195.43700129700443,190.33562101119307,191.2964630126953,97010200
2024-06-11,AAPL,191.82147267998263,205.20391549352811,191.8016724106265,205.19400024414062,172373300
2024-06-12,AAPL,205.41194501546696,218.12080209568063,204.94638168818946,211.05813598632812,198134300
2024-06-13,AAPL,212.71235034689784,214.70336573665497,209.60200000148347,212.21707153320312,97862700
2024-06-14,AAPL,211.83075578674166,213.13828400218216,209.3048308005582,210.4835968017578,70122700
2024-06-17,AAPL,211.35528688913016,216.88260054537645,210.71143044440285,214.62413024902344,93728300
2024-06-18,AAPL,215.5354139875743,216.56560230529576,210.9887584540523,212.26657104492188,79943300
2024-06-20,AAPL,211.90998899500866,212.2170745602359,206.87796947703916,207.7001190185547,86172500
2024-06-21,AAPL,208.40340309586463,209.88923942625428,205.15437552925596,205.53079223632812,241805100
2024-06-24,AAPL,205.75865018980198,210.69162338847192,204.63931513285507,206.1746826171875,80727000
2024-06-25,AAPL,207.1751175381149,209.38407188516823,206.64022308060072,207.09588623046875,55549700
2024-06-26,AAPL,209.5029589171147,212.83123347896796,208.65107866870252,211.23643493652344,66213200
2024-06-27,AAPL,212.66284034706985,213.70292898101007,210.34493889866226,212.0784149169922,49772700
2024-06-28,AAPL,213.73260601871965,214.0297763055812,208.3142550307382,208.6312255859375,82542700
2024-07-01,AAPL,210.0873668962765,215.4561875080808,209.91897391071575,214.703369140625,60402900
2024-07-02,AAPL,214.10904691098634,218.2991169839906,213.0689733881142,218.19015502929688,58046200
2024-07-03,AAPL,217.92268618597842,219.4580535888672,216.9618440422543,219.4580535888672,37369800
2024-07-05,AAPL,219.55710192478037,224.3117817727132,219.55710192478037,224.20281982421875,60412400
2024-07-08,AAPL,224.9457053642915,225.69853875884533,221.14196808500662,225.6688232421875,59085900
2024-07-09,AAPL,225.7778183894468,227.23393947620644,224.23255073363126,226.52073669433594,48076100
2024-07-10,AAPL,227.13484585734597,230.87915213144032,227.08531495764143,230.78009033203125,62627700
2024-07-11,AAPL,229.20511032654306,230.19566787410835,223.63818174593294,225.4211883544922,64710600
2024-07-12,AAPL,226.75846058686048,230.44333633793113,226.52072130415218,228.3631591796875,53046500
2024-07-15,AAPL,234.2470836578572,234.99000194235262,230.88909361652622,232.1867218017578,62631300
2024-07-16,AAPL,232.78106107648213,234.03907359612094,230.13627381333595,232.60276794433594,43234300
2024-07-17,AAPL,227.28346685481674,229.27449755440023,224.50000206743292,226.71885681152344,57345900
2024-07-18,AAPL,228.10562515807683,228.26411801705945,220.17126344980832,222.06321716308594,66034600
2024-07-19,AAPL,222.6971801635164,224.65848009632384,221.1717129043359,222.19198608398438,49151500
2024-07-22,AAPL,224.86649525231948,225.62922890399747,220.98351093014816,221.84530639648438,48201800
2024-07-23,AAPL,222.25141967209163,224.7971601400939,220.57737479075328,222.8853759765625,39960300
2024-07-24,AAPL,221.88495386579626,222.67740315254525,215.0798264120668,216.47650146484375,61777600
2024-07-25,AAPL,216.86279177043605,218.76467587085634,212.59349046705276,215.4364013671875,51391200
2024-07-26,AAPL,216.63493468142264,217.4174836156479,213.97033243488113,215.9019317626953,41601300
2024-07-29,AAPL,214.91137828370984,217.22927938341869,213.7127969665886,216.17929077148438,36311800
2024-07-30,AAPL,217.1203256536185,218.24956072806748,214.07930652606245,216.7340087890625,41643800
2024-07-31,AAPL,219.34907597117163,221.70660788092644,218.5467267386139,219.9830322265625,50036300
2024-08-01,AAPL,222.2514024343897,222.36036437427163,214.97081319041698,216.29815673828125,62501000
2024-08-02,AAPL,217.08069402896655,223.46980270062375,215.65430376795194,217.78399658203125,105568600
2024-08-05,AAPL,197.21009244662218,211.4840298951805,194.1492733463952,207.29397583007812,119548600
2024-08-06,AAPL,203.36150053141452,208.00721860156926,199.17144565753833,205.2732696533203,69660500
2024-08-07,AAPL,204.9463646139573,211.62272838414273,204.441185671316,207.83880615234375,63516400
2024-08-08,AAPL,211.0977289070064,212.1774330540979,206.85814362500793,211.29583740234375,47161100
2024-08-09,AAPL,210.09728825409005,214.7330909034816,209.96851092003678,214.1981964111328,42201600
2024-08-12,AAPL,214.27753840147545,217.68898821235913,213.81143620679725,215.7254180908203,38028100
2024-08-13,AAPL,217.19312608520667,220.04923895369578,217.19312608520667,219.43438720703125,44155300
2024-08-14,AAPL,218.7401920302427,221.1797757696837,217.87739912826086,219.88064575195312,41960600
2024-08-15,AAPL,222.7367590108339,223.48053712623224,220.9120118672479,222.8557586669922,46414000
2024-08-16,AAPL,222.06239369045758,224.94825642777528,221.79462933024135,224.1747283935547,44340200
2024-08-19,AAPL,223.84746435464618,224.11522871504155,221.18968933533225,224.01605224609375,40687800
2024-08-20,AAPL,223.8970537532744,225.28543353253482,223.57970115675508,224.6309051513672,30299000
2024-08-21,AAPL,224.64083485973637,226.08871448701353,223.1830285060583,224.52182006835938,34765500
2024-08-22,AAPL,225.9003243494308,226.44576476142115,222.0425950823824,222.66737365722656,43695300
2024-08-23,AAPL,223.78795679469894,226.32671693712516,222.46898849072514,224.95816040039062,38677300
2024-08-26,AAPL,224.87883517993083,225.39452559231563,222.0326490158817,225.29534912109375,30602200
2024-08-27,AAPL,224.12514736512034,226.95151036486342,223.02435510684418,226.1383056640625,35934600
2024-08-28,AAPL,226.0291983356657,227.95310672511408,223.8077756875659,224.61106872558594,38052200
2024-08-29,AAPL,228.1911537968638,230.98775191089825,226.9812734022471,227.8837127685547,51906300
2024-08-30,AAPL,228.28039594132485,228.4886453526855,225.59287085733376,227.1002655029297,52990800
2024-09-03,AAPL,226.65398476754012,227.10024860517055,219.33520335446548,220.92193603515625,50190600
2024-09-04,AAPL,219.82116129878526,219.94016096302124,215.67582978550038,219.01788330078125,43840200
2024-09-05,AAPL,219.79139340374425,223.60944526365165,219.6823053430495,220.53517150878906,36615400
2024-09-06,AAPL,222.09215251756703,223.37145940933704,217.94683622588397,218.98812866210938,48423000
2024-09-09,AAPL,218.98812757352732,219.4343914347755,214.91222272734436,219.07737731933594,67180000
2024-09-10,AAPL,217.1038662465979,219.6426263973432,214.93203178151688,218.28399658203125,51591000
2024-09-11,AAPL,219.62280899168329,221.23927647566495,216.0824178921796,220.81285095214844,44587100
2024-09-12,AAPL,220.65417167969628,221.69546405563682,217.99641184157417,220.92193603515625,37455600
2024-09-13,AAPL,221.72520177663733,222.18137718301287,220.0690577657977,220.65415954589844,36766600
2024-09-16,AAPL,214.7436126542421,215.41797935337752,212.14535259122513,214.52545166015625,59357400
2024-09-17,AAPL,213.96018092212807,215.1006346980314,212.72055067344832,214.99154663085938,45519300
2024-09-18,AAPL,215.745241460142,220.86243852013078,215.7353147340035,218.85919189453125,59894900
2024-09-19,AAPL,223.12351184232415,227.9134444812765,222.76649775953877,226.9713134765625,66781300
2024-09-20,AAPL,228.06222073119503,231.15633305592988,225.7317097608303,226.30690002441406,318679900
2024-09-23,AAPL,225.4540253555904,227.54652178723228,223.9367191660146,224.59124755859375,54146000
2024-09-24,AAPL,226.75317542181838,227.44738051700955,223.85740076750545,225.48379516601562,43556100
2024-09-25,AAPL,223.06400902085235,225.40443143928672,222.16156973744518,224.4920654296875,42308700
2024-09-26,AAPL,225.41436171300208,226.60440369502516,223.54004142995942,225.63253784179688,36636700
2024-09-27,AAPL,226.56475422029098,227.6159582791164,225.41437368594384,225.90029907226562,34026000
2024-09-30,AAPL,228.13162655878588,231.06707763671875,227.74486252768645,231.06707763671875,54541900
2024-10-01,AAPL,227.615942887257,227.74485413807125,221.88389405688537,224.33340454101562,63285000
2024-10-02,AAPL,224.0160654907427,225.48378349827837,221.16987922367838,224.898681640625,32880600
2024-10-03,AAPL,223.27226484855484,224.92840891217833,221.4673712198949,223.79786682128906,34044200
2024-10-04,AAPL,226.00939895190598,226.10857543260985,222.27068471823083,224.9185333251953,37245100
2024-10-07,AAPL,222.63759275105315,223.81772316941647,219.49389225502094,219.8509063720703,39505400
2024-10-08,AAPL,222.43925780658088,224.10531361949606,221.3979653574062,223.89706420898438,31855700
2024-10-09,AAPL,223.36153007501719,227.84403724277382,222.96485445261254,227.63577270507812,33591100
2024-10-10,AAPL,225.89038125247495,227.59611368544336,225.28544108575701,227.13992309570312,28183500
2024-10-11,AAPL,227.39777482080956,227.5068628874906,225.4540279414576,225.66229248046875,31759200
2024-10-14,AAPL,226.80275797652766,229.80762063057296,226.70359663127624,229.38119506835938,39882100
2024-10-15,AAPL,231.67203496624026,235.51985237359267,230.4423162246621,231.91004943847656,64751400
2024-10-16,AAPL,229.67869350471682,230.19436878170097,227.93328446814013,229.85719299316406,34082200
2024-10-17,AAPL,231.49350124327563,231.91003031839952,228.60765355789445,230.22412109375,32993800
2024-10-18,AAPL,234.2206950473064,234.2206950473064,232.0686987091599,233.0504913330078,46431500
2024-10-21,AAPL,232.5050605584077,234.8851598599691,232.5050605584077,234.51821899414062,36254500
2024-10-22,AAPL,231.94969236544068,234.26036494372266,230.67040061866737,233.90335083007812,38846600
2024-10-23,AAPL,232.1381071008503,233.18931106897517,225.87052966736016,228.84564208984375,52287000
2024-10-24,AAPL,228.0721400698136,228.9051831435476,226.51517225997247,228.65725708007812,31109500
2024-10-25,AAPL,227.83415104707473,231.28527776977737,227.66556313214858,229.49029541015625,38802300
2024-10-28,AAPL,231.38443735420992,232.78272881287972,230.62082086290692,231.46376037597656,36087100
2024-10-29,AAPL,231.1662428522856,232.38603471678388,230.39271482775456,231.73150634765625,35417200
2024-10-30,AAPL,230.68033441798144,231.53320070866118,227.64572172599728,228.191162109375,47070900
2024-10-31,AAPL,227.43744214117888,227.92338265648337,223.50037517792762,224.03590393066406,64370100
2024-11-01,AAPL,219.1368672842602,223.4805363045207,218.44267740554844,221.06077575683594,65276700
2024-11-04,AAPL,219.1567312107691,220.94178678396568,217.88735096075072,220.1682586669922,44944500
2024-11-05,AAPL,219.9599923572388,222.09215031274817,219.3054639601429,221.59629821777344,28111300
2024-11-06,AAPL,220.76327216240406,224.19457534628128,219.35505401685137,220.8723602294922,54561100
2024-11-07,AAPL,222.7665171269793,225.9895557457087,222.7070172967094,225.59286499023438,42137700
2024-11-08,AAPL,225.5333229051735,227.0125934634729,224.7788038758212,225.32484436035156,38328800
2024-11-11,AAPL,223.37892800863307,224.07388164377818,219.90414468405433,222.61447143554688,42005600
2024-11-12,AAPL,222.9321731823864,223.96467356190874,221.75074442821315,222.61447143554688,40398300
2024-11-13,AAPL,222.39605879884869,225.01703765642938,221.15506473467502,223.49806213378906,48566200
2024-11-14,AAPL,223.398802697962,227.22105551450989,223.3789425502784,226.57574462890625,44923900
2024-11-15,AAPL,224.76884409236825,225.28510187679902,222.65420045885568,223.37893676757812,47923700
2024-11-18,AAPL,223.62711979019133,228.08477571151616,223.54769435597734,226.37716674804688,44633700
2024-11-19,AAPL,225.34467799276683,228.501774994788,225.02699136706502,226.63531494140625,36211800
2024-11-20,AAPL,226.4168829534927,228.27340522879027,224.26251907255318,227.35011291503906,35169600
2024-11-21,AAPL,227.230987838277,228.50176458087773,224.0838286281757,226.8735809326172,42108300
2024-11-22,AAPL,226.41689485035167,229.05773399756174,226.41689485035167,228.21385192871094,38168300
2024-11-25,AAPL,229.79238523732437,231.56948199204686,228.0847762696763,231.1922149658203,90152800
2024-11-26,AAPL,231.6489234928732,233.87279036398945,231.6489234928732,233.366455078125,45986200
2024-11-27,AAPL,232.78071887838198,233.99193037541463,232.125470334311,233.23739624023438,33498400
2024-11-29,AAPL,233.11826871739834,236.09665470361549,232.28432427698263,235.6201171875,28481400
2024-12-02,AAPL,235.5605381566453,239.0551666028684,235.45133007089746,237.8638153076172,48137100
2024-12-03,AAPL,238.08222901174219,241.01097200063165,237.17878168890522,240.90176391601562,38861000
2024-12-04,AAPL,241.12017980186528,242.35125137710352,239.51185632927692,241.25917053222656,44383900
2024-12-05,AAPL,242.2321233137982,242.77814859306412,240.38552350615552,241.28895568847656,40033900
2024-12-06,AAPL,241.1599112680226,242.86752040520184,240.33588934668637,241.0904083251953,36870600
2024-12-09,AAPL,240.08767817050534,245.45870413211114,240.0082527322972,244.97222900390625,44649200
2024-12-10,AAPL,245.11119868483894,246.42169557945553,243.57236314301568,245.98486328125,36914800
2024-12-11,AAPL,246.17350623578653,248.9930409884295,244.48574226451257,244.71409606933594,45205800
2024-12-12,AAPL,245.11123992691697,246.94791735826738,243.90995090472455,246.1735382080078,32777500
2024-12-13,AAPL,246.03453629863122,247.4939314395242,244.46591792091505,246.34230041503906,33155300
2024-12-16,AAPL,246.2033097230519,249.56888515433104,245.86574781090837,249.2313232421875,51694800
2024-12-17,AAPL,248.2782195012147,252.00120141225344,247.98037791856115,251.65371704101562,51356400
2024-12-18,AAPL,250.34325221557475,252.44797328398425,245.95509905753715,246.2628631591797,56774100
2024-12-19,AAPL,245.71683140567848,250.184410158509,245.3097817058068,247.99032592773438,60882300
2024-12-20,AAPL,246.25295201238012,253.1628143156686,243.91989202858784,252.656494140625,147495300
2024-12-23,AAPL,252.93444954402884,253.80809906094288,251.62395254537785,253.43084716796875,40858800
2024-12-24,AAPL,253.64930053302467,256.34969006633503,253.4507293352449,256.33978271484375,23234700
2024-12-26,AAPL,256.32980188696064,258.2260444048055,255.77383898408218,257.15380859375,27237100
2024-12-27,AAPL,255.9724022209019,256.8361595932908,251.23677948504655,253.74855041503906,42355300
2024-12-30,AAPL,250.41273247360002,251.67358663649517,248.94339979921563,250.38294982910156,35557500
2024-12-31,AAPL,250.62123433005314,251.45517870098834,247.63291094425557,248.61578369140625,39480700
2025-01-02,AAPL,247.13651085819407,247.30529937932678,240.07775127221439,242.09312438964844,55740700
2025-01-03,AAPL,241.6066436767578,242.42072787413275,240.14723350152744,241.6066436767578,40244100
2025-01-06,AAPL,242.5498168429892,245.54806288478193,241.4478134561986,243.23484802246094,45045600
2025-01-07,AAPL,241.22940732447114,243.78089861816605,239.61116122247878,240.4649658203125,40856000
2025-01-08,AAPL,240.17703689438372,241.9541489627904,238.32051453305579,240.951416015625,37628900
2025-01-10,AAPL,238.2807606174901,238.4296889806259,231.32127200767005,235.14353942871094,61710900
2025-01-13,AAPL,231.84746989306117,232.9792558543989,228.06492247356016,232.71119689941406,49630700
2025-01-14,AAPL,233.05869925952226,234.41882398797216,230.79512716232853,231.5992889404297,39435300
2025-01-15,AAPL,232.94949481929564,237.2383779015073,232.74100113522098,236.15621948242188,39832000
2025-01-16,AAPL,235.63995285298606,236.29518618874627,226.38709407905125,226.6154327392578,71759100
2025-01-17,AAPL,230.44764042021458,230.6164138035219,226.833866130533,228.32305908203125,68488300
2025-01-21,AAPL,222.38613659782595,222.8031087860845,217.79942737812888,221.0359344482422,98070400
2025-01-22,AAPL,218.2064751614249,222.5052806842356,218.2064751614249,222.21737670898438,64126500
2025-01-23,AAPL,223.12080464680741,225.39429904989126,220.69838187044374,222.048583984375,60234800
2025-01-24,AAPL,223.160517277336,224.00439930767484,219.81480209957203,221.1749267578125,54697900
2025-01-27,AAPL,222.40601266103107,230.47742834163907,222.36629236472388,228.2039337158203,94863400
2025-01-28,AAPL,229.1868093297106,238.45951413038736,229.1470890329199,236.5434112548828,75707600
2025-01-29,AAPL,232.43321505583046,238.1318651456976,232.3240069742682,237.63546752929688,45486100
2025-01-30,AAPL,236.95045561956258,239.05517683623282,235.50098294542886,235.87823486328125,55658300
2025-01-31,AAPL,245.40903209543677,245.40903209543677,231.7580989752265,234.29965209960938,100959800
2025-02-03,AAPL,228.3330095070948,230.1597493274262,224.07390894412586,226.3672637939453,73063300
2025-02-04,AAPL,225.61271003037928,231.45035067549782,225.0170268486458,231.1227264404297,45067300
2025-02-05,AAPL,226.88350440739822,230.99367626573292,226.625383087866,230.7951202392578,39620300
2025-02-06,AAPL,229.62361584180033,232.11554171369926,228.7698112868805,231.5397186279297,29925300
2025-02-07,AAPL,230.9241838961893,232.31409120281862,225.62264568638093,225.989990234375,39707200
2025-02-10,AAPL,228.16662274990708,229.18037646801733,225.8111004860379,226.2583465576172,33115600
2025-02-11,AAPL,226.8049592810601,233.7919821040532,226.7353950927951,231.19793701171875,53718400
2025-02-12,AAPL,229.78663009476247,235.51142789245534,229.26980470124647,235.42196655273438,45243300
2025-02-13,AAPL,235.46174477414044,240.85854326211725,234.12993999243653,240.05349731445312,53614100
2025-02-14,AAPL,239.77519417214083,244.04891051069433,239.51678905976664,243.10472106933594,40896200
2025-02-18,AAPL,242.65744334610832,243.68114548283563,240.36156738576827,242.97549438476562,48822500
2025-02-19,AAPL,243.16435439309654,244.50609250836237,241.6735241546838,243.37306213378906,32204200
2025-02-20,AAPL,243.44265077076676,245.2713989598738,242.7966152101895,244.32720947265625,32316900
2025-02-21,AAPL,244.44645306890683,247.1697083342209,243.72091995824803,244.0489044189453,53197400
2025-02-24,AAPL,243.43268408373555,247.33866705271078,242.92580728065096,245.5894317626953,51326400
2025-02-25,AAPL,246.48393846255715,248.47171215983582,243.41283173998391,245.52980041503906,48013300
2025-02-26,AAPL,242.83637220684057,243.48239258336395,237.66816369812489,238.89064025878906,44433600
2025-02-27,AAPL,237.94645181292123,240.9778097055873,235.61081167459415,235.84934997558594,41153600
2025-02-28,AAPL,235.5014815283524,240.61005923211764,228.7927454203557,240.36158752441406,56833400
2025-03-03,AAPL,240.31189930334125,242.53821134874983,234.66662916873,236.57489013671875,47184000
2025-03-04,AAPL,236.25684921580154,238.60242278275774,233.24535811530478,234.4877166748047,53798100
2025-03-05,AAPL,233.98082285378285,235.1039197629907,227.82866128733946,234.2988739013672,47227600
2025-03-06,AAPL,233.00682927336524,236.4059203890797,231.73465535282332,233.89138793945312,45170400
2025-03-07,AAPL,233.67273718007357,239.89446338205195,233.32487071745646,237.60853576660156,46273600
2025-03-10,AAPL,234.10009611136832,234.71631625547707,222.84930513729455,226.08937072753906,72071200
2025-03-11,AAPL,222.4418047589131,224.4593937721428,216.1206840338927,219.48995971679688,76137400
2025-03-12,AAPL,218.7942660196618,220.39442456790263,213.5962416730392,215.65357971191406,62547500
2025-03-13,AAPL,214.6298526174969,215.5144112677834,207.14588618522245,208.39817810058594,61368300
2025-03-14,AAPL,209.95857893569573,212.64207016591416,208.29878985935505,212.1848907470703,60107600
2025-03-17,AAPL,212.00600336087763,213.9043309003415,208.68642489319868,212.69178771972656,48073400
2025-03-18,AAPL,212.85080057479257,213.83473880015984,210.19712464056028,211.38978576660156,42432400
2025-03-19,AAPL,212.91044076829724,217.4226803637017,212.443312738742,213.92420959472656,54385400
2025-03-20,AAPL,212.6818553101102,216.16045933121794,210.92267131595005,212.7911834716797,48862900
2025-03-21,AAPL,210.26669685360034,217.5021918152461,209.9884097524224,216.93568420410156,94127800
2025-03-24,AAPL,219.6490147320974,220.12607621910902,217.24381014629506,219.3806610107422,44299500
2025-03-25,AAPL,219.4204082670252,222.73005335992565,218.73462390108503,222.38218688964844,34493600
2025-03-26,AAPL,222.1436424317859,223.64442126802376,219.12223310716143,220.17575073242188,34466100
2025-03-27,AAPL,220.03661426059983,223.61461307047793,219.21168633594712,222.48158264160156,37094800
2025-03-28,AAPL,220.31488968867507,222.44180687800483,216.34927581514728,216.56793212890625,39818600
2025-03-31,AAPL,215.6833836525119,224.24075018814546,214.90815310911736,220.7720947265625,65299300
2025-04-01,AAPL,218.46626491168394,222.31260214779184,217.5618242432653,221.8256072998047,36412700
2025-04-02,AAPL,219.9670202377264,223.81335706264446,219.6688511830836,222.52130126953125,35905900
2025-04-03,AAPL,204.2834701562562,206.22156139646,200.01970279192506,201.94784545898438,103419000
2025-04-04,AAPL,192.70471987275084,198.65810753704542,186.19475800144227,187.22840881347656,125910900
2025-04-07,AAPL,176.11674047268428,192.96311894309866,173.55251067175698,180.3507080078125,160466300
2025-04-08,AAPL,185.55866963100107,189.17641711488596,168.175598539417,171.365966796875,120859500
2025-04-09,AAPL,170.89883496621582,199.38363475051753,170.83920418374143,197.6343994140625,184395900
2025-04-10,AAPL,187.9141974958541,193.5892830219747,181.88129692496375,189.2559356689453,121880000
2025-04-11,AAPL,184.96235041538483,198.32017705332044,184.92258644836306,196.9386749267578,87435900
2025-04-14,AAPL,210.14743595954587,211.63826622013798,199.9302804535287,201.28196716308594,101352900
2025-04-15,AAPL,200.62597928160577,202.26588634734406,198.5785750100267,200.90426635742188,51343900
2025-04-16,AAPL,197.1474065096439,199.47309822086447,191.19401850640656,193.08241271972656,59732400
2025-04-17,AAPL,195.9944894564487,197.61452992177487,193.2314851467638,195.7758331298828,52164700
2025-04-21,AAPL,192.08851517151226,192.6152739871965,188.64966000796989,191.97918701171875,46742500
2025-04-22,AAPL,194.92108593270402,200.3576482646354,194.77200897005906,198.5189666748047,52976400
2025-04-23,AAPL,204.7406939661261,206.72846769395255,201.56025903470575,203.34925842285156,52929200
2025-04-24,AAPL,203.63746952607698,207.55338601533765,201.69939326414854,207.09619140625,47311000
2025-04-25,AAPL,205.10842646651815,208.46776890662989,204.9394675201618,208.00064086914062,38222300
2025-04-28,AAPL,208.71623364812058,210.2070638884643,206.1917677806294,208.85537719726562,38743100
2025-04-29,AAPL,207.4142244323549,210.94252536243698,207.09617339881706,209.9188232421875,36827600
2025-04-30,AAPL,208.0205233254963,212.2743578831654,205.4065960245207,211.20095825195312,52286500
2025-05-01,AAPL,207.80188973514694,213.24838609037135,207.62298219428487,212.01597595214844,57365700
2025-05-02,AAPL,204.8301473855031,205.72465469395448,200.92417915168144,204.0946807861328,101010600
2025-05-05,AAPL,201.85841873478097,202.85230555244996,196.99831280299983,197.6741485595703,69018500
2025-05-06,AAPL,196.9983091053983,199.42338015596502,195.81558138809015,197.2964630126953,51216500
2025-05-07,AAPL,197.9524407308952,198.2207944248892,192.0686324392914,195.05029296875,68536700
2025-05-08,AAPL,196.51130456752412,198.82706269335065,193.48988012199126,196.28271484375,50478900
2025-05-09,AAPL,197.7834732241415,199.31405222350435,196.3323918231404,197.31634521484375,36453900
2025-05-12,AAPL,209.95528044040137,210.25384054136518,205.75557652693038,209.77613830566406,63775800
2025-05-13,AAPL,209.4178625594749,212.3735786127325,207.99474788922345,211.9058380126953,51909300
2025-05-14,AAPL,211.40822571910564,212.9109724892217,209.56713314477625,211.3087158203125,49325800
2025-05-15,AAPL,209.93535780893234,211.93569971673273,208.53213606160298,210.43295288085938,45029500
2025-05-16,AAPL,211.33859654598928,211.54759317457453,208.76105751069144,210.24388122558594,54737900
2025-05-19,AAPL,206.90999202317107,208.47243269467637,203.2775387890809,207.7758026123047,46140500
2025-05-20,AAPL,206.6711529249315,207.4673081447902,204.04385132917625,205.86505126953125,42496600
2025-05-21,AAPL,204.18318404217405,206.0441849710538,199.7446439816099,201.1179962158203,59211800
2025-05-22,AAPL,199.7446272097534,201.77480849030061,198.7394754118135,200.39149475097656,46742400
2025-05-23,AAPL,192.73846975457602,196.74908474491085,192.52948833207407,194.33078002929688,78432900
2025-05-27,AAPL,197.34622283817185,199.77448939448533,196.4803970243206,199.24703979492188,56288500
2025-05-28,AAPL,199.6251894151235,201.75489573800118,198.9385057789635,199.4560089111328,45339700
2025-05-29,AAPL,202.60081106845576,202.8297005493605,197.55518975609246,198.98826599121094,51396800
2025-05-30,AAPL,198.41106448584634,200.98861863398105,195.8335255231089,199.8839569091797,70819900
2025-06-02,AAPL,199.31669015009302,201.15779807678393,199.15745607510846,200.7298583984375,35423300
2025-06-03,AAPL,200.38156440883068,202.78992300957722,199.9934408158467,202.29232788085938,46381600
2025-06-04,AAPL,201.93404589483336,205.24803106286797,201.12794426741362,201.844482421875,43604000
2025-06-05,AAPL,202.521183994692,203.765171611367,199.1872911078447,199.6649932861328,55126100
2025-06-06,AAPL,202.02362051888113,204.71063115372752,201.07819281954235,202.93919372558594,46607700
2025-06-09,AAPL,203.4069099948636,205.0091667110405,199.05793398755327,200.48104858398438,72862600
2025-06-10,AAPL,199.63515466910712,203.36711781582227,199.60530017876516,201.6951904296875,54672600
2025-06-11,AAPL,202.52118145308685,203.51637153393742,197.4556675860525,197.82388305664062,60989900
2025-06-12,AAPL,198.12246436103902,198.71956936233477,196.4107360236097,198.24188232421875,43904600
2025-06-13,AAPL,198.7693188209708,199.4062398916536,194.758703844025,195.50509643554688,51447300
2025-06-16,AAPL,196.3510290449251,197.73434281232372,195.61458283187793,197.46563720703125,43020700
2025-06-17,AAPL,196.25149936947125,197.4357781067605,194.27108064091922,194.69900512695312,38856200
2025-06-18,AAPL,194.9975546383106,196.6197193940347,194.13174409281177,195.6344757080078,45394700
2025-06-20,AAPL,197.28651411005004,200.72986375748766,195.9131467510872,200.03323364257812,96813500
2025-06-23,AAPL,200.6601870689569,201.32696262150702,198.00303129313016,200.5308074951172,55814300
2025-06-24,AAPL,201.61555699715424,202.4614746491071,199.23705328583006,199.33657836914062,54064000
2025-06-25,AAPL,200.4810436177515,202.6903668657116,199.65503400834336,200.59051513671875,39525700
2025-06-26,AAPL,200.461158146952,201.66534499125092,198.5006473897771,200.03323364257812,50799100
2025-06-27,AAPL,200.91895566349635,202.24256049649406,199.03804672932017,200.11285400390625,73188600
2025-06-30,AAPL,201.03834688076608,206.39247448465787,198.30157410241034,204.1831512451172,91912800
2025-07-01,AAPL,205.6759415551798,209.17901505124104,205.1484920031366,206.82041931152344,78788900
2025-07-02,AAPL,207.90517762155153,212.3138626915596,207.13887695509675,211.41819763183594,67941800
2025-07-03,AAPL,211.12959751601144,213.61757304735917,210.79123648824356,212.5228729248047,34955800
2025-07-07,AAPL,211.65703516300363,215.18996325511674,207.79570768244494,208.94017028808594,50229000
2025-07-08,AAPL,209.08945658408672,210.41304612040562,207.4473837253886,208.9998779296875,42848900
2025-07-09,AAPL,208.52220905408606,210.31355451699514,206.22332203726856,210.1244659423828,48749400
2025-07-10,AAPL,209.49746585002458,212.45318170934252,209.01977884626095,211.38833618164062,44443600
2025-07-11,AAPL,209.55718962168862,211.1096837700706,208.85059795908091,210.14434814453125,39765800
2025-07-14,AAPL,208.92025854176603,209.89555581124029,206.54175471753558,207.61656188964844,38840100
2025-07-15,AAPL,208.21368905566166,210.87084499335577,207.9151289669034,208.10421752929688,42296300
2025-07-16,AAPL,209.28849593835915,211.37838618562168,207.63647661047767,209.149169921875,47490500
2025-07-17,AAPL,209.55721484346458,210.78129457926272,208.5819174807461,209.00985717773438,48068100
2025-07-18,AAPL,209.85573909301036,210.77131219576944,208.69136845628208,210.16424560546875,48974600
2025-07-21,AAPL,211.07983063398711,214.74212298846783,210.61209006251647,211.45799255371094,51377400
2025-07-22,AAPL,212.11484021935428,213.91613206526756,211.20921348603295,213.3687744140625,46404100
2025-07-23,AAPL,213.96588230147148,214.11515474984876,211.38834345684663,213.11996459960938,46989300
2025-07-24,AAPL,212.87116805528336,214.65256693634578,212.50295255730364,212.73184204101562,46022600
2025-07-25,AAPL,213.6673206036272,214.2047317845148,212.37357038101962,212.8512725830078,40268800
2025-07-28,AAPL,213.00055398053098,213.81661722083774,212.03521828670327,213.0204620361328,37858000
2025-07-29,AAPL,213.14980632007004,213.77678093648746,209.8059821935656,210.25381469726562,51411700
2025-07-30,AAPL,210.88077731884883,211.36842593737322,206.72088996610802,208.04449462890625,45512500
2025-07-31,AAPL,207.48719786288635,208.83069544134486,206.16359315375274,206.57162475585938,80698400
2025-08-01,AAPL,209.85574027592583,212.5527122409286,200.53081350952442,201.40658569335938,104434500
2025-08-04,AAPL,203.52634207300898,206.88014336875773,200.70995198839026,202.37193298339844,75109300
2025-08-05,AAPL,202.42167200915333,204.35234334482283,201.18764593221573,201.94398498535156,44155100
2025-08-06,AAPL,204.6409599471833,214.3440641251077,204.60114383647723,212.22430419921875,108483100
2025-08-07,AAPL,217.82723230897543,219.78775818606874,215.53829184895108,218.97169494628906,90224800
2025-08-08,AAPL,219.76784743364436,229.88892965735022,218.19544514014734,228.2468719482422,113854000
2025-08-11,AAPL,227.08116933177635,228.71513292468896,223.9327956372812,226.34388732910156,61806100
2025-08-12,AAPL,227.17083074525974,229.95057099439725,226.23430307406312,228.80479431152344,55626200
2025-08-13,AAPL,230.2195756343437,234.1351043372746,229.58191650034667,232.47125244140625,69878500
2025-08-14,AAPL,233.1985820425246,234.2546784716922,230.00040438081015,231.9232940673828,51916300
2025-08-15,AAPL,233.13877413921495,233.41774239633352,228.49592139875156,230.73764038085938,56038700
2025-08-18,AAPL,230.8472385776313,232.26201052585682,229.26309412883964,230.04022216796875,37476200
2025-08-19,AAPL,230.4287923573085,232.01293684851592,228.50590285589897,229.71144104003906,39402600
2025-08-20,AAPL,229.13358225147155,229.6217843388592,224.93908515924198,225.17819213867188,42263900
2025-08-21,AAPL,225.43723377620466,225.6863136691638,222.95639256938466,224.072265625,30621200
2025-08-22,AAPL,225.33760837029214,228.2468598588307,224.58041092619504,226.9217529296875,42477800
2025-08-25,AAPL,225.6464693442017,228.45609804536198,225.3973894325087,226.323974609375,30983100
2025-08-26,AAPL,226.03502689374838,228.6453946309622,223.86305742355088,228.46604919433594,54575100
2025-08-27,AAPL,227.76862267507164,230.05018785299507,227.41990473660533,229.64170837402344,31259500
2025-08-28,AAPL,229.97051505486425,232.55097936868034,228.49595098757067,231.7041015625,38074700
2025-08-29,AAPL,231.65426265633033,232.52107103838586,230.51845893056873,231.28562927246094,39418400
2025-09-02,AAPL,228.4062860305561,230.00040359535532,226.13467838242784,228.8745574951172,44075600
2025-09-03,AAPL,236.33698891571112,237.9709525201245,233.49747185558658,237.59234619140625,66427800
2025-09-04,AAPL,237.57241502764154,239.01707546456905,235.86871695735925,238.89752197265625,47549400
2025-09-05,AAPL,239.1167027112504,240.43185187342493,237.61226559630578,238.80784606933594,54870400
2025-09-08,AAPL,238.41928864081726,239.2661511981365,235.47017586985078,237.0045166015625,48999500
2025-09-09,AAPL,236.12774389612645,237.90119155812317,232.5011411802574,233.4875030517578,66313900
2025-09-10,AAPL,231.33545739080094,231.56460664903227,225.118417424808,225.955322265625,83440800
2025-09-11,AAPL,226.04499474029723,229.60184779162614,225.81583028738913,229.1833953857422,50208600
2025-09-12,AAPL,228.3764005514914,233.6469250222829,228.17713965402348,233.20855712890625,55824200
2025-09-15,AAPL,236.1277410783948,237.31336381412066,234.16499028444412,235.82884216308594,42699500
2025-09-16,AAPL,236.30708253667353,240.33222235518573,235.45026224943368,237.2735137939453,63421100
2025-09-17,AAPL,238.09049720761,239.21634322602875,236.85505542454314,238.1104278564453,46508000
2025-09-18,AAPL,239.08682096339746,240.31228984200703,235.77903252032195,237.0045166015625,44249600
2025-09-19,AAPL,240.342162048153,245.3935094903633,239.32592704772566,244.59645080566406,163741300
2025-09-22,AAPL,247.38616206443075,255.69547916115815,247.2068166293636,255.13751220703125,105517400
2025-09-23,AAPL,254.9382669065294,256.3928850249964,252.64672876089196,253.49359130859375,60275200
2025-09-24,AAPL,254.28068708944184,254.7987775332095,250.11606329601622,251.3813934326172,42303700
2025-09-25,AAPL,252.27808820484515,256.22352044118514,250.7836088309123,255.9246063232422,55202100
2025-09-26,AAPL,253.16481067495934,256.6519291955366,252.84598111295833,254.51980590820312,46076300
2025-09-29,AAPL,253.62311772285494,254.06150078407975,252.07881928540593,253.49359130859375,40127700
2025-09-30,AAPL,253.92202035086734,254.97811672142575,252.17846100632588,253.69287109375,37704300
2025-10-01,AAPL,254.10136246357334,257.8375764362911,253.99176669154556,254.50985717773438,48713900
2025-10-02,AAPL,255.63566078088252,257.229778167004,253.21461153357077,256.18365478515625,42630200
2025-10-03,AAPL,253.73271197999827,258.2858846694617,253.01536064819075,257.07037353515625,49155600
2025-10-06,AAPL,257.0405037108186,258.1165459888059,254.11133663097664,255.74530029296875,44664100
2025-10-07,AAPL,255.86482860124664,256.45265350411205,254.48990271764998,255.5360565185547,31955800
2025-10-08,AAPL,255.5758888188916,257.56852798749276,255.16739414069707,257.1102294921875,36496900
2025-10-09,AAPL,256.8611554198282,257.0504585775582,252.2083446799687,253.1050262451172,38322000
2025-10-10,AAPL,254.00171816056968,255.436420799504,243.10197943699816,244.3673095703125,61999100
2025-10-13,AAPL,248.46219085423505,248.7710475029622,244.6562426215344,246.74851989746094,38142900
2025-10-14,AAPL,245.69241642712313,247.93413549962378,243.79940008876653,246.8581085205078,35478000
2025-10-15,AAPL,248.57177456170203,250.89320098009676,246.55920477705152,248.4223175048828,33893600
2025-10-16,AAPL,247.33633482463924,248.1234206007849,244.2278226113223,246.53927612304688,39777000
2025-10-17,AAPL,247.10719170360767,252.44746537322095,246.35995200283696,251.36146545410156,49147000
2025-10-20,AAPL,254.94822099113512,263.4069798400544,254.68918336894043,261.27484130859375,90483000
2025-10-21,AAPL,260.9161783410852,264.3136317818121,260.86634411857244,261.8028869628906,46695900
2025-10-22,AAPL,261.6833338430701,261.882609922878,254.4899051977633,257.4988098144531,45015300
2025-10-23,AAPL,258.98329410338334,259.66078406832133,257.06040475940137,258.6246032714844,32754900
2025-10-24,AAPL,260.2287163700197,263.15789839957887,258.22610426270086,261.85272216796875,38253700
2025-10-27,AAPL,263.90514984178776,268.1295353654346,263.67598537979285,267.8206787109375,44888200
2025-10-28,AAPL,268.00000632210845,268.89671830922975,267.1631014853557,268.0099792480469,41534800
2025-10-29,AAPL,268.28892986747474,270.4110953948544,266.1269030442272,268.7073974609375,51086700
2025-10-30,AAPL,270.98894793982623,273.1310593223432,267.49188695276854,270.401123046875,69886500
2025-10-31,AAPL,275.9705701844509,276.29937269597025,268.16940070155243,269.37493896484375,86167100
2025-11-03,AAPL,269.424736694289,269.8531467885877,265.2700709373508,268.05975341796875,50194600
2025-11-04,AAPL,267.3424445625432,270.49081837885313,266.6350661079627,269.0461730957031,49274800
2025-11-05,AAPL,267.6214146886098,270.7000692568828,265.94760492323326,269.14581298828125,43683100
2025-11-06,AAPL,266.90407480138714,272.3937751745226,266.90407480138714,268.7771301269531,51204000
2025-11-07,AAPL,268.80702532983145,271.2878818962731,265.7881780523408,267.48193359375,48227400
2025-11-10,AAPL,268.22988302493957,272.9869540449525,266.7339548671466,268.6986083984375,41312400
2025-11-11,AAPL,269.07757258136417,275.16101963639426,269.0675899882029,274.5028076171875,46208300
2025-11-12,AAPL,274.25347600982695,274.9815052844664,270.9624464716027,272.7276306152344,48398000
2025-11-13,AAPL,273.36590026791555,275.9488963676571,271.3513946141157,272.2090759277344,49602800
2025-11-14,AAPL,270.31417782757546,275.21085247368256,268.8681323529343,271.6705017089844,47431300
2025-11-17,AAPL,268.09027174019775,269.7557213346742,265.00866346949266,266.73394775390625,45018300
2025-11-18,AAPL,269.25711627506445,269.9751630894399,264.59980979362433,266.71405029296875,45677300
2025-11-19,AAPL,264.80918960656476,271.47104873805114,264.77927226211665,267.8309631347656,40424500
2025-11-20,AAPL,270.09480618650156,274.68232536305425,265.1981613886433,265.5272521972656,45823600
2025-11-21,AAPL,265.2280517805383,272.5879921198442,264.9488130991126,270.75299072265625,59030800
2025-11-24,AAPL,270.164627965921,276.24807542504453,270.164627965921,275.1710205078125,65585800
2025-11-25,AAPL,274.52277261748515,279.6189174225992,274.50283786370125,276.2181701660156,46914200
2025-11-26,AAPL,276.2081750495132,278.7712060098946,275.8790842359358,276.79656982421875,33431400
2025-11-28,AAPL,276.50736791500816,278.242634823177,275.2407959413455,278.0930480957031,20135600
2025-12-01,AAPL,277.2553332443013,282.65065109438723,275.3904143522869,282.3315124511719,46587700
2025-12-02,AAPL,282.231773534172,286.619823290159,281.86278279875575,285.4131164550781,53669500
2025-12-03,AAPL,285.4231155973949,287.8365294074879,282.5309633672564,283.378662109375,43538700
2025-12-04,AAPL,283.3287830094401,283.95707766942763,277.83373081751637,279.9380187988281,43989100
2025-12-05,AAPL,279.77848663840757,280.37686403379615,277.29522501275557,278.02325439453125,47265800
2025-12-08,AAPL,277.374989388386,278.9108174051644,275.4003533668138,277.1356506347656,38211800
2025-12-09,AAPL,277.40493251311347,279.2698514894354,276.16830825817004,276.4275817871094,32193300
2025-12-10,AAPL,276.99605153243056,278.9906225605669,275.6896099437804,278.02325439453125,33038300
2025-12-11,AAPL,278.34237127554803,278.8310314000742,273.0667227973629,277.2752685546875,33248000
2025-12-12,AAPL,277.1456542987284,278.46207855775873,276.06859927253834,277.5246276855469,39532900
2025-12-15,AAPL,279.3894873363706,279.3894873363706,272.0993337942639,273.3658752441406,50409100
2025-12-16,AAPL,272.07941349564567,274.752131096348,271.0522107383373,273.8645324707031,37648600
2025-12-17,AAPL,274.2634587890498,275.41033087528734,270.9026119684932,271.10205078125,50138700
2025-12-18,AAPL,272.8672697170699,272.88723490520505,266.22537510199504,271.4511413574219,51630700
2025-12-19,AAPL,271.4112306527045,273.8545921928022,269.1673383776201,272.9271240234375,144632000
2025-12-22,AAPL,272.1192896847017,273.13654030849926,269.7756932559407,270.23443603515625,36571800
2025-12-23,AAPL,270.1048034873943,271.7603010837797,268.8282792538215,271.62066650390625,29642000
2025-12-24,AAPL,271.60070067851706,274.6823088952694,271.46109654935304,273.06671142578125,17910600
2025-12-26,AAPL,273.4157529954652,274.6224597374741,272.11926379011726,272.6578063964844,21521800
2025-12-29,AAPL,271.9497734782625,273.61522314661676,271.6107000753325,273.0168762207031,23715200
2025-12-30,AAPL,272.06942798009953,273.3359694836473,271.54086793463244,272.33868408203125,22139600
2025-12-31,AAPL,272.3187639976345,272.9370761103812,271.0123224859311,271.12200927734375,27293600
